candidate_id,task_family,difficulty_bucket,answer_magnitude_bucket,reasoning_length_bucket,main_signal_eligible,main_raw_score,main_residual_score,control_signal_eligible,control_raw_score,control_residual_score,selected_by_main,selected_by_control
candidate_pool-0000,ratio_change,easy,medium,short,True,0.22142857,0.00101411,True,1.02109308,0.85655715,False,True
candidate_pool-0001,multiplicative_relation,easy,medium,short,False,0.0,0.0,False,0.0,0.0,False,False
candidate_pool-0002,weighted_aggregation,easy,small,long,False,0.0,0.0,False,0.0,0.0,False,False
candidate_pool-0003,temporal_numeric_constraint,easy,medium,long,True,-0.19444444,0.03053106,True,-0.91302697,-0.59697285,False,False
candidate_pool-0004,ratio_change,medium,small,medium,True,0.36428571,0.20107937,True,1.8998195,0.83460366,True,False
candidate_pool-0005,multiplicative_relation,medium,medium,medium,False,0.0,0.0,False,0.0,0.0,False,False
candidate_pool-0006,weighted_aggregation,medium,small,long,False,0.0,0.0,False,0.0,0.0,False,False
candidate_pool-0007,temporal_numeric_constraint,medium,small,long,True,-0.12962963,-0.08779461,True,-1.19625121,-1.06921128,False,False
candidate_pool-0008,ratio_change,hard,small,long,True,0.14285714,-0.08003663,True,0.0,-1.02349544,False,False
candidate_pool-0009,multiplicative_relation,hard,large,long,False,0.0,0.0,False,0.0,0.0,True,True
candidate_pool-0010,weighted_aggregation,hard,small,long,False,0.0,0.0,False,0.0,0.0,False,False
candidate_pool-0011,temporal_numeric_constraint,hard,small,long,True,0.42424242,0.02158443,True,7.24844238,-0.12987929,False,False
candidate_pool-0012,ratio_change,easy,small,short,True,0.04184704,-0.11727092,True,0.66059867,-0.26682774,False,False
candidate_pool-0013,multiplicative_relation,easy,small,short,False,0.0,0.0,False,0.0,0.0,False,False
candidate_pool-0014,weighted_aggregation,easy,small,long,False,0.0,0.0,False,0.0,0.0,False,False
candidate_pool-0015,temporal_numeric_constraint,easy,medium,long,True,-0.42592593,-0.20095042,True,-0.18391433,0.13213978,False,True
candidate_pool-0016,ratio_change,medium,medium,medium,True,0.39285714,0.10323402,True,0.96851387,0.31814125,True,False
candidate_pool-0017,multiplicative_relation,medium,medium,medium,False,0.0,0.0,False,0.0,0.0,True,True
candidate_pool-0018,weighted_aggregation,medium,small,long,False,0.0,0.0,False,0.0,0.0,False,False
candidate_pool-0019,temporal_numeric_constraint,medium,small,long,True,0.00942761,0.05126263,True,-0.18391433,-0.0568744,True,False
candidate_pool-0020,ratio_change,hard,medium,long,True,0.0974026,-0.19829726,True,1.8998195,1.31369437,False,True
candidate_pool-0021,multiplicative_relation,hard,large,long,False,0.0,0.0,False,0.0,0.0,False,False
candidate_pool-0022,weighted_aggregation,hard,medium,long,False,0.0,0.0,False,0.0,0.0,True,True
candidate_pool-0023,temporal_numeric_constraint,hard,small,long,True,0.42424242,0.02158443,True,8.32189235,0.94357069,False,True
candidate_pool-0024,ratio_change,easy,medium,short,True,0.38095238,0.16053792,True,1.43147703,1.26694111,True,True
candidate_pool-0025,multiplicative_relation,easy,small,short,False,0.0,0.0,False,0.0,0.0,False,False
candidate_pool-0026,weighted_aggregation,easy,small,long,False,0.0,0.0,False,0.0,0.0,False,False
candidate_pool-0027,temporal_numeric_constraint,easy,small,long,True,-0.25925926,-0.0800304,True,-1.19625121,-0.77544025,False,False
candidate_pool-0028,ratio_change,medium,small,medium,True,-0.23492063,-0.39812698,True,-1.23922083,-2.30443667,False,False
candidate_pool-0029,multiplicative_relation,medium,medium,medium,False,0.0,0.0,False,0.0,0.0,False,False
candidate_pool-0030,weighted_aggregation,medium,small,long,False,0.0,0.0,False,0.0,0.0,True,True
candidate_pool-0031,temporal_numeric_constraint,medium,small,long,True,0.00942761,0.05126263,True,-0.12280124,0.0042387,False,False
candidate_pool-0032,ratio_change,hard,small,long,True,0.63809524,0.41520147,True,3.16636583,2.14287039,True,True
candidate_pool-0033,multiplicative_relation,hard,large,long,False,0.0,0.0,False,0.0,0.0,False,False
candidate_pool-0034,weighted_aggregation,hard,small,long,False,0.0,0.0,False,0.0,0.0,True,True
candidate_pool-0035,temporal_numeric_constraint,hard,small,long,True,0.42424242,0.02158443,True,9.49975663,2.12143497,False,True
candidate_pool-0036,ratio_change,easy,medium,short,True,0.04761905,-0.17279541,True,-1.23922083,-1.40375675,False,False
candidate_pool-0037,multiplicative_relation,easy,small,short,False,0.0,0.0,False,0.0,0.0,False,False
candidate_pool-0038,weighted_aggregation,easy,small,long,False,0.0,0.0,False,0.0,0.0,False,False
candidate_pool-0039,temporal_numeric_constraint,easy,small,long,True,-0.01094276,0.1682861,True,-1.19625121,-0.77544025,True,False
candidate_pool-0040,ratio_change,medium,medium,medium,True,0.39285714,0.10323402,True,0.96851387,0.31814125,True,False
candidate_pool-0041,multiplicative_relation,medium,medium,medium,False,0.0,0.0,False,0.0,0.0,False,False
candidate_pool-0042,weighted_aggregation,medium,small,long,False,0.0,0.0,False,0.0,0.0,False,False
candidate_pool-0043,temporal_numeric_constraint,medium,medium,long,True,0.00942761,0.07195969,True,0.71878317,1.03203211,False,True
candidate_pool-0044,ratio_change,hard,small,long,True,-0.02380952,-0.2467033,True,-2.47844165,-3.50193709,False,False
candidate_pool-0045,multiplicative_relation,hard,large,long,False,0.0,0.0,False,0.0,0.0,False,False
candidate_pool-0046,weighted_aggregation,hard,small,long,False,0.0,0.0,False,0.0,0.0,False,False
candidate_pool-0047,temporal_numeric_constraint,hard,small,long,True,0.42424242,0.02158443,True,6.92098412,-0.45733754,False,False
candidate_pool-0048,ratio_change,easy,small,short,True,0.23809524,0.07897727,True,-0.57862215,-1.50604856,False,False
candidate_pool-0049,multiplicative_relation,easy,small,short,False,0.0,0.0,False,0.0,0.0,False,False
candidate_pool-0050,weighted_aggregation,easy,small,long,False,0.0,0.0,False,0.0,0.0,False,False
candidate_pool-0051,temporal_numeric_constraint,easy,small,long,True,-0.02946128,0.14976758,True,-0.91302697,-0.49221601,False,False
candidate_pool-0052,ratio_change,medium,small,medium,True,0.03888889,-0.12431746,True,0.44039912,-0.62481673,False,False
candidate_pool-0053,multiplicative_relation,medium,medium,medium,False,0.0,0.0,False,0.0,0.0,False,False
candidate_pool-0054,weighted_aggregation,medium,small,long,False,0.0,0.0,False,0.0,0.0,True,True
candidate_pool-0055,temporal_numeric_constraint,medium,medium,long,True,0.00942761,0.07195969,True,-0.27506066,0.03818828,False,False
candidate_pool-0056,ratio_change,hard,medium,long,True,0.38095238,0.08525253,True,0.0,-0.58612513,True,False
candidate_pool-0057,multiplicative_relation,hard,large,long,False,0.0,0.0,False,0.0,0.0,False,False
candidate_pool-0058,weighted_aggregation,hard,small,long,False,0.0,0.0,False,0.0,0.0,False,False
candidate_pool-0059,temporal_numeric_constraint,hard,small,long,True,0.42424242,0.02158443,True,5.70063851,-1.67768315,False,False
candidate_pool-0060,ratio_change,easy,medium,short,True,0.04761905,-0.17279541,True,-1.23922083,-1.40375675,False,False
candidate_pool-0061,multiplicative_relation,easy,medium,short,False,0.0,0.0,False,0.0,0.0,False,False
candidate_pool-0062,weighted_aggregation,easy,small,long,False,0.0,0.0,False,0.0,0.0,True,True
candidate_pool-0063,temporal_numeric_constraint,easy,medium,long,True,-0.42435897,-0.19938347,True,-0.82902069,-0.51296658,False,False
candidate_pool-0064,ratio_change,medium,small,medium,True,0.36428571,0.20107937,True,1.8998195,0.83460366,True,False
candidate_pool-0065,multiplicative_relation,medium,large,medium,False,0.0,0.0,False,0.0,0.0,False,False
candidate_pool-0066,weighted_aggregation,medium,small,long,False,0.0,0.0,False,0.0,0.0,True,True
candidate_pool-0067,temporal_numeric_constraint,medium,medium,long,True,0.00942761,0.07195969,True,0.71878317,1.03203211,False,True
candidate_pool-0068,ratio_change,hard,small,long,True,0.14285714,-0.08003663,True,1.43147703,0.40798159,False,False
candidate_pool-0069,multiplicative_relation,hard,large,long,False,0.0,0.0,False,0.0,0.0,False,False
candidate_pool-0070,weighted_aggregation,hard,small,long,False,0.0,0.0,False,0.0,0.0,False,False
candidate_pool-0071,temporal_numeric_constraint,hard,small,long,True,0.42424242,0.02158443,True,6.51932974,-0.85899192,False,False
candidate_pool-0072,ratio_change,easy,medium,short,True,0.38095238,0.16053792,True,0.0,-0.16453592,True,False
candidate_pool-0073,multiplicative_relation,easy,small,short,False,0.0,0.0,False,0.0,0.0,False,False
candidate_pool-0074,weighted_aggregation,easy,small,long,False,0.0,0.0,False,0.0,0.0,False,False
candidate_pool-0075,temporal_numeric_constraint,easy,small,long,True,-0.21296296,-0.0337341,True,-0.18391433,0.23689663,False,False
candidate_pool-0076,ratio_change,medium,medium,medium,True,0.21428571,-0.07533741,True,0.3604944,-0.28987822,False,False
candidate_pool-0077,multiplicative_relation,medium,medium,medium,False,0.0,0.0,False,0.0,0.0,False,False
candidate_pool-0078,weighted_aggregation,medium,small,long,False,0.0,0.0,False,0.0,0.0,False,False
candidate_pool-0079,temporal_numeric_constraint,medium,small,long,True,-0.12962963,-0.08779461,True,-0.18391433,-0.0568744,False,False
candidate_pool-0080,ratio_change,hard,medium,long,True,0.14285714,-0.15284271,True,0.0,-0.58612513,False,False
candidate_pool-0081,multiplicative_relation,hard,large,long,False,0.0,0.0,False,0.0,0.0,False,False
candidate_pool-0082,weighted_aggregation,hard,small,long,False,0.0,0.0,False,0.0,0.0,False,False
candidate_pool-0083,temporal_numeric_constraint,hard,medium,long,True,0.18855219,-0.16731108,True,8.48741976,0.80397567,False,False
candidate_pool-0084,ratio_change,easy,medium,short,True,0.04761905,-0.17279541,True,-0.24545326,-0.40998918,False,False
candidate_pool-0085,multiplicative_relation,easy,small,short,False,0.0,0.0,False,0.0,0.0,False,False
candidate_pool-0086,weighted_aggregation,easy,small,long,False,0.0,0.0,False,0.0,0.0,True,True
candidate_pool-0087,temporal_numeric_constraint,easy,medium,long,True,-0.02946128,0.19551423,True,1.11010809,1.42616221,True,True
candidate_pool-0088,ratio_change,medium,small,medium,True,-0.21111111,-0.37431746,True,-1.23922083,-2.30443667,False,False
candidate_pool-0089,multiplicative_relation,medium,large,medium,False,0.0,0.0,False,0.0,0.0,True,True
candidate_pool-0090,weighted_aggregation,medium,small,long,False,0.0,0.0,False,0.0,0.0,False,False
candidate_pool-0091,temporal_numeric_constraint,medium,small,long,True,0.00942761,0.05126263,True,-0.18391433,-0.0568744,False,False
candidate_pool-0092,ratio_change,hard,medium,long,True,0.30952381,0.01382395,True,0.0,-0.58612513,False,False
candidate_pool-0093,multiplicative_relation,hard,large,long,False,0.0,0.0,False,0.0,0.0,False,False
candidate_pool-0094,weighted_aggregation,hard,small,long,False,0.0,0.0,False,0.0,0.0,False,False
candidate_pool-0095,temporal_numeric_constraint,hard,medium,long,True,0.42424242,0.06837915,True,9.76165543,2.07821134,True,True
candidate_pool-0096,ratio_change,easy,small,short,True,-0.02380952,-0.18292749,True,-1.04696462,-1.97439103,False,False
candidate_pool-0097,multiplicative_relation,easy,medium,short,False,0.0,0.0,False,0.0,0.0,False,False
candidate_pool-0098,weighted_aggregation,easy,small,long,False,0.0,0.0,False,0.0,0.0,True,True
candidate_pool-0099,temporal_numeric_constraint,easy,medium,long,True,-0.01094276,0.21403275,True,-0.18391433,0.13213978,True,False
candidate_pool-0100,ratio_change,medium,small,medium,True,0.22142857,0.05822222,True,1.65436624,0.5891504,False,False
candidate_pool-0101,multiplicative_relation,medium,medium,medium,False,0.0,0.0,False,0.0,0.0,False,False
candidate_pool-0102,weighted_aggregation,medium,small,long,False,0.0,0.0,False,0.0,0.0,False,False
candidate_pool-0103,temporal_numeric_constraint,medium,medium,long,True,-0.18148148,-0.1189494,True,-1.02549874,-0.71224981,False,False
candidate_pool-0104,ratio_change,hard,medium,long,True,0.36428571,0.06858586,True,3.05851776,2.47239263,False,True
candidate_pool-0105,multiplicative_relation,hard,large,long,False,0.0,0.0,False,0.0,0.0,False,False
candidate_pool-0106,weighted_aggregation,hard,small,long,False,0.0,0.0,False,0.0,0.0,False,False
candidate_pool-0107,temporal_numeric_constraint,hard,small,long,True,0.42424242,0.02158443,True,7.99888046,0.6205588,False,False
candidate_pool-0108,ratio_change,easy,small,short,True,0.63809524,0.47897727,True,2.91884077,1.99141436,True,True
candidate_pool-0109,multiplicative_relation,easy,medium,short,False,0.0,0.0,False,0.0,0.0,False,False
candidate_pool-0110,weighted_aggregation,easy,small,long,False,0.0,0.0,False,0.0,0.0,False,False
candidate_pool-0111,temporal_numeric_constraint,easy,small,long,True,-0.42592593,-0.24669707,True,0.56652376,0.98733472,False,True
candidate_pool-0112,ratio_change,medium,medium,medium,True,0.38095238,0.09132926,True,-2.47844165,-3.12881427,True,False
candidate_pool-0113,multiplicative_relation,medium,medium,medium,False,0.0,0.0,False,0.0,0.0,True,True
candidate_pool-0114,weighted_aggregation,medium,small,long,False,0.0,0.0,False,0.0,0.0,True,True
candidate_pool-0115,temporal_numeric_constraint,medium,small,long,True,0.00942761,0.05126263,True,0.65767008,0.78471001,True,True
candidate_pool-0116,ratio_change,hard,small,long,True,0.54285714,0.31996337,True,2.91884077,1.89534533,True,True
candidate_pool-0117,multiplicative_relation,hard,medium,long,False,0.0,0.0,False,0.0,0.0,False,False
candidate_pool-0118,weighted_aggregation,hard,small,long,False,0.0,0.0,False,0.0,0.0,True,True
candidate_pool-0119,temporal_numeric_constraint,hard,small,long,True,0.42424242,0.02158443,True,8.15113988,0.77281822,False,True
candidate_pool-0120,ratio_change,easy,small,short,True,0.54285714,0.38373918,True,2.91884077,1.99141436,True,True
candidate_pool-0121,multiplicative_relation,easy,small,short,False,0.0,0.0,False,0.0,0.0,False,False
candidate_pool-0122,weighted_aggregation,easy,medium,long,False,0.0,0.0,False,0.0,0.0,False,False
candidate_pool-0123,temporal_numeric_constraint,easy,small,long,True,-0.34102564,-0.16179678,True,-0.18391433,0.23689663,False,False
candidate_pool-0124,ratio_change,medium,small,medium,True,0.1547619,-0.00844444,True,1.18664162,0.12142578,False,False
candidate_pool-0125,multiplicative_relation,medium,medium,medium,False,0.0,0.0,False,0.0,0.0,True,True
candidate_pool-0126,weighted_aggregation,medium,medium,long,False,0.0,0.0,False,0.0,0.0,False,False
candidate_pool-0127,temporal_numeric_constraint,medium,small,long,True,0.00942761,0.05126263,True,-0.18391433,-0.0568744,False,False
candidate_pool-0128,ratio_change,hard,small,long,True,0.04761905,-0.17527473,True,0.63327317,-0.39022228,False,False
candidate_pool-0129,multiplicative_relation,hard,large,long,False,0.0,0.0,False,0.0,0.0,False,False
candidate_pool-0130,weighted_aggregation,hard,small,long,False,0.0,0.0,False,0.0,0.0,False,False
candidate_pool-0131,temporal_numeric_constraint,hard,medium,long,True,0.25382025,-0.10204302,True,7.99457281,0.31112873,False,False
candidate_pool-0132,ratio_change,easy,medium,short,True,0.11428571,-0.10612875,True,0.0,-0.16453592,False,False
candidate_pool-0133,multiplicative_relation,easy,small,short,False,0.0,0.0,False,0.0,0.0,False,False
candidate_pool-0134,weighted_aggregation,easy,small,long,False,0.0,0.0,False,0.0,0.0,False,False
candidate_pool-0135,temporal_numeric_constraint,easy,small,long,True,-0.02946128,0.14976758,True,-0.18391433,0.23689663,False,False
candidate_pool-0136,ratio_change,medium,small,medium,True,0.05555556,-0.10765079,True,1.8998195,0.83460366,False,False
candidate_pool-0137,multiplicative_relation,medium,medium,medium,False,0.0,0.0,False,0.0,0.0,True,True
candidate_pool-0138,weighted_aggregation,medium,small,long,False,0.0,0.0,False,0.0,0.0,True,True
candidate_pool-0139,temporal_numeric_constraint,medium,medium,long,True,0.00942761,0.07195969,True,-0.2935537,0.01969523,True,False
candidate_pool-0140,ratio_change,hard,medium,long,True,0.11904762,-0.17665224,True,0.0,-0.58612513,False,False
candidate_pool-0141,multiplicative_relation,hard,large,long,False,0.0,0.0,False,0.0,0.0,False,False
candidate_pool-0142,weighted_aggregation,hard,small,long,False,0.0,0.0,False,0.0,0.0,False,False
candidate_pool-0143,temporal_numeric_constraint,hard,small,long,True,0.25382025,-0.14883774,True,6.49369664,-0.88462502,False,False
candidate_pool-0144,ratio_change,easy,small,short,True,0.22619048,0.06707251,True,0.96851387,0.04108746,False,False
candidate_pool-0145,multiplicative_relation,easy,small,short,False,0.0,0.0,False,0.0,0.0,True,True
candidate_pool-0146,weighted_aggregation,easy,small,long,False,0.0,0.0,False,0.0,0.0,True,True
candidate_pool-0147,temporal_numeric_constraint,easy,medium,long,True,-0.42592593,-0.20095042,True,-0.4502595,-0.13420538,False,False
candidate_pool-0148,ratio_change,medium,small,medium,True,0.22142857,0.05822222,True,1.8998195,0.83460366,False,False
candidate_pool-0149,multiplicative_relation,medium,large,medium,False,0.0,0.0,False,0.0,0.0,False,False
candidate_pool-0150,weighted_aggregation,medium,small,long,False,0.0,0.0,False,0.0,0.0,True,True
candidate_pool-0151,temporal_numeric_constraint,medium,small,long,True,0.00942761,0.05126263,True,-0.18391433,-0.0568744,True,False
candidate_pool-0152,ratio_change,hard,medium,long,True,0.36428571,0.06858586,True,2.06475019,1.47862506,False,True
candidate_pool-0153,multiplicative_relation,hard,large,long,False,0.0,0.0,False,0.0,0.0,False,False
candidate_pool-0154,weighted_aggregation,hard,small,long,False,0.0,0.0,False,0.0,0.0,True,True
candidate_pool-0155,temporal_numeric_constraint,hard,small,long,True,0.42424242,0.02158443,True,7.30955547,-0.06876619,True,False
candidate_pool-0156,ratio_change,easy,medium,short,True,0.33333333,0.11291887,True,2.72596672,2.56143079,False,True
candidate_pool-0157,multiplicative_relation,easy,small,short,False,0.0,0.0,False,0.0,0.0,False,False
candidate_pool-0158,weighted_aggregation,easy,small,long,False,0.0,0.0,False,0.0,0.0,False,False
candidate_pool-0159,temporal_numeric_constraint,easy,medium,long,True,-0.02946128,0.19551423,True,-0.18391433,0.13213978,True,False
candidate_pool-0160,ratio_change,medium,small,medium,True,0.03888889,-0.12431746,True,-0.57862215,-1.643838,False,False
candidate_pool-0161,multiplicative_relation,medium,medium,medium,False,0.0,0.0,False,0.0,0.0,False,False
candidate_pool-0162,weighted_aggregation,medium,small,long,False,0.0,0.0,False,0.0,0.0,False,False
candidate_pool-0163,temporal_numeric_constraint,medium,small,long,True,-0.12962963,-0.08779461,True,0.71878317,0.84582311,False,True
candidate_pool-0164,ratio_change,hard,medium,long,True,0.36428571,0.06858586,True,2.06475019,1.47862506,False,True
candidate_pool-0165,multiplicative_relation,hard,large,long,False,0.0,0.0,False,0.0,0.0,True,True
candidate_pool-0166,weighted_aggregation,hard,small,long,False,0.0,0.0,False,0.0,0.0,False,False
candidate_pool-0167,temporal_numeric_constraint,hard,medium,long,True,0.42424242,0.06837915,True,6.72464479,-0.95879929,False,False
candidate_pool-0168,ratio_change,easy,small,short,True,0.04761905,-0.11149892,True,0.63327317,-0.29415324,False,False
candidate_pool-0169,multiplicative_relation,easy,small,short,False,0.0,0.0,False,0.0,0.0,True,True
candidate_pool-0170,weighted_aggregation,easy,small,long,False,0.0,0.0,False,0.0,0.0,False,False
candidate_pool-0171,temporal_numeric_constraint,easy,medium,long,True,-0.42435897,-0.19938347,True,-1.19625121,-0.88019709,False,False
candidate_pool-0172,ratio_change,medium,medium,medium,True,0.14285714,-0.14676598,True,1.43147703,0.78110441,False,False
candidate_pool-0173,multiplicative_relation,medium,large,medium,False,0.0,0.0,False,0.0,0.0,False,False
candidate_pool-0174,weighted_aggregation,medium,small,long,False,0.0,0.0,False,0.0,0.0,False,False
candidate_pool-0175,temporal_numeric_constraint,medium,medium,long,True,0.00942761,0.07195969,True,-0.18391433,0.12933461,True,True
candidate_pool-0176,ratio_change,hard,medium,long,True,0.22619048,-0.06950938,True,1.18664162,0.60051649,False,False
candidate_pool-0177,multiplicative_relation,hard,large,long,False,0.0,0.0,False,0.0,0.0,False,False
candidate_pool-0178,weighted_aggregation,hard,small,long,False,0.0,0.0,False,0.0,0.0,True,True
candidate_pool-0179,temporal_numeric_constraint,hard,medium,long,True,0.42424242,0.06837915,True,8.15113988,0.4676958,False,False
candidate_pool-0180,ratio_change,easy,small,short,True,-0.21111111,-0.37022908,True,-1.23922083,-2.16664724,False,False
candidate_pool-0181,multiplicative_relation,easy,medium,short,False,0.0,0.0,False,0.0,0.0,False,False
candidate_pool-0182,weighted_aggregation,easy,small,long,False,0.0,0.0,False,0.0,0.0,False,False
candidate_pool-0183,temporal_numeric_constraint,easy,medium,long,True,-0.01094276,0.21403275,True,0.82842255,1.14447666,True,True
candidate_pool-0184,ratio_change,medium,small,medium,True,0.23809524,0.07488889,True,2.06475019,0.99953435,False,True
candidate_pool-0185,multiplicative_relation,medium,medium,medium,False,0.0,0.0,False,0.0,0.0,False,False
candidate_pool-0186,weighted_aggregation,medium,small,long,False,0.0,0.0,False,0.0,0.0,False,False
candidate_pool-0187,temporal_numeric_constraint,medium,medium,long,True,-0.18148148,-0.1189494,True,-0.27506066,0.03818828,False,False
candidate_pool-0188,ratio_change,hard,small,long,True,-0.02380952,-0.2467033,True,0.3604944,-0.66300104,False,False
candidate_pool-0189,multiplicative_relation,hard,large,long,False,0.0,0.0,False,0.0,0.0,False,False
candidate_pool-0190,weighted_aggregation,hard,small,long,False,0.0,0.0,False,0.0,0.0,False,False
candidate_pool-0191,temporal_numeric_constraint,hard,small,long,True,0.42424242,0.02158443,True,6.83428417,-0.5440375,True,False
candidate_pool-0192,ratio_change,easy,small,short,True,0.22142857,0.06231061,True,1.8998195,0.97239309,False,False
candidate_pool-0193,multiplicative_relation,easy,medium,short,False,0.0,0.0,False,0.0,0.0,False,False
candidate_pool-0194,weighted_aggregation,easy,small,long,False,0.0,0.0,False,0.0,0.0,False,False
candidate_pool-0195,temporal_numeric_constraint,easy,small,long,True,-0.21296296,-0.0337341,True,-1.02549874,-0.60468778,False,False
candidate_pool-0196,ratio_change,medium,medium,medium,True,0.38095238,0.09132926,True,1.43147703,0.78110441,False,True
candidate_pool-0197,multiplicative_relation,medium,large,medium,False,0.0,0.0,False,0.0,0.0,False,False
candidate_pool-0198,weighted_aggregation,medium,small,long,False,0.0,0.0,False,0.0,0.0,False,False
candidate_pool-0199,temporal_numeric_constraint,medium,medium,long,True,0.00942761,0.07195969,True,-0.18391433,0.12933461,False,False
candidate_pool-0200,ratio_change,hard,small,long,True,0.14285714,-0.08003663,True,-2.47844165,-3.50193709,False,False
candidate_pool-0201,multiplicative_relation,hard,large,long,False,0.0,0.0,False,0.0,0.0,False,False
candidate_pool-0202,weighted_aggregation,hard,small,long,False,0.0,0.0,False,0.0,0.0,False,False
candidate_pool-0203,temporal_numeric_constraint,hard,small,long,True,0.42424242,0.02158443,True,9.49975663,2.12143497,False,True
candidate_pool-0204,ratio_change,easy,small,short,True,0.14285714,-0.01626082,True,1.43147703,0.50405062,False,False
candidate_pool-0205,multiplicative_relation,easy,medium,short,False,0.0,0.0,False,0.0,0.0,False,False
candidate_pool-0206,weighted_aggregation,easy,small,long,False,0.0,0.0,False,0.0,0.0,False,False
candidate_pool-0207,temporal_numeric_constraint,easy,medium,long,True,-0.21139601,0.0135795,True,-0.18391433,0.13213978,False,False
candidate_pool-0208,ratio_change,medium,small,medium,True,0.03888889,-0.12431746,True,-0.57862215,-1.643838,False,False
candidate_pool-0209,multiplicative_relation,medium,medium,medium,False,0.0,0.0,False,0.0,0.0,False,False
candidate_pool-0210,weighted_aggregation,medium,small,long,False,0.0,0.0,False,0.0,0.0,False,False
candidate_pool-0211,temporal_numeric_constraint,medium,medium,long,True,0.00942761,0.07195969,True,-0.18391433,0.12933461,True,False
candidate_pool-0212,ratio_change,hard,small,long,True,0.16587302,-0.05702076,True,2.72596672,1.70247127,False,False
candidate_pool-0213,multiplicative_relation,hard,large,long,False,0.0,0.0,False,0.0,0.0,False,False
candidate_pool-0214,weighted_aggregation,hard,small,long,False,0.0,0.0,False,0.0,0.0,False,False
candidate_pool-0215,temporal_numeric_constraint,hard,small,long,True,0.25382025,-0.14883774,True,7.24844238,-0.12987929,False,False
candidate_pool-0216,ratio_change,easy,medium,short,True,0.21428571,-0.00612875,True,0.3604944,0.19595848,False,False
candidate_pool-0217,multiplicative_relation,easy,small,short,False,0.0,0.0,False,0.0,0.0,False,False
candidate_pool-0218,weighted_aggregation,easy,small,long,False,0.0,0.0,False,0.0,0.0,False,False
candidate_pool-0219,temporal_numeric_constraint,easy,medium,long,True,-0.02946128,0.19551423,True,-0.18391433,0.13213978,True,False
candidate_pool-0220,ratio_change,medium,small,medium,True,-0.05555556,-0.2187619,True,0.0,-1.06521584,False,False
candidate_pool-0221,multiplicative_relation,medium,medium,medium,False,0.0,0.0,False,0.0,0.0,False,False
candidate_pool-0222,weighted_aggregation,medium,small,long,False,0.0,0.0,False,0.0,0.0,False,False
candidate_pool-0223,temporal_numeric_constraint,medium,medium,long,True,0.00942761,0.07195969,True,0.82842255,1.14167148,True,True
candidate_pool-0224,ratio_change,hard,small,long,True,0.23809524,0.01520147,True,1.8998195,0.87632406,False,False
candidate_pool-0225,multiplicative_relation,hard,large,long,False,0.0,0.0,False,0.0,0.0,False,False
candidate_pool-0226,weighted_aggregation,hard,small,long,False,0.0,0.0,False,0.0,0.0,True,True
candidate_pool-0227,temporal_numeric_constraint,hard,medium,long,True,0.50757576,0.15171249,True,9.54237668,1.85893259,True,True
candidate_pool-0228,ratio_change,easy,small,short,True,0.04761905,-0.11149892,True,0.63327317,-0.29415324,False,False
candidate_pool-0229,multiplicative_relation,easy,medium,short,False,0.0,0.0,False,0.0,0.0,False,False
candidate_pool-0230,weighted_aggregation,easy,small,long,False,0.0,0.0,False,0.0,0.0,False,False
candidate_pool-0231,temporal_numeric_constraint,easy,medium,long,True,-0.42435897,-0.19938347,True,-0.91302697,-0.59697285,False,False
candidate_pool-0232,ratio_change,medium,small,medium,True,0.05555556,-0.10765079,True,1.8998195,0.83460366,False,False
candidate_pool-0233,multiplicative_relation,medium,large,medium,False,0.0,0.0,False,0.0,0.0,False,False
candidate_pool-0234,weighted_aggregation,medium,small,long,False,0.0,0.0,False,0.0,0.0,False,False
candidate_pool-0235,temporal_numeric_constraint,medium,medium,long,True,-0.12962963,-0.06709755,True,0.89236804,1.20561698,False,True
candidate_pool-0236,ratio_change,hard,small,long,True,0.54285714,0.31996337,True,2.91884077,1.89534533,True,True
candidate_pool-0237,multiplicative_relation,hard,medium,long,False,0.0,0.0,False,0.0,0.0,False,False
candidate_pool-0238,weighted_aggregation,hard,medium,long,False,0.0,0.0,False,0.0,0.0,False,False
candidate_pool-0239,temporal_numeric_constraint,hard,small,long,True,0.50757576,0.10491777,True,7.24844238,-0.12987929,True,False
candidate_pool-0240,ratio_change,easy,small,short,True,-0.21111111,-0.37022908,True,-1.23922083,-2.16664724,False,False
candidate_pool-0241,multiplicative_relation,easy,small,short,False,0.0,0.0,False,0.0,0.0,True,True
candidate_pool-0242,weighted_aggregation,easy,small,long,False,0.0,0.0,False,0.0,0.0,True,True
candidate_pool-0243,temporal_numeric_constraint,easy,small,long,True,-0.01094276,0.1682861,True,-1.19625121,-0.77544025,True,False
candidate_pool-0244,ratio_change,medium,small,medium,True,0.63809524,0.47488889,True,3.16636583,2.10114999,True,True
candidate_pool-0245,multiplicative_relation,medium,medium,medium,False,0.0,0.0,False,0.0,0.0,False,False
candidate_pool-0246,weighted_aggregation,medium,small,long,False,0.0,0.0,False,0.0,0.0,False,False
candidate_pool-0247,temporal_numeric_constraint,medium,medium,long,True,-0.18148148,-0.1189494,True,-1.28739754,-0.9741486,False,False
candidate_pool-0248,ratio_change,hard,small,long,True,0.16587302,-0.05702076,True,2.72596672,1.70247127,False,False
candidate_pool-0249,multiplicative_relation,hard,large,long,False,0.0,0.0,False,0.0,0.0,True,True
candidate_pool-0250,weighted_aggregation,hard,small,long,False,0.0,0.0,False,0.0,0.0,False,False
candidate_pool-0251,temporal_numeric_constraint,hard,medium,long,True,0.18855219,-0.16731108,True,9.70054233,2.01709825,False,True
candidate_pool-0252,ratio_change,easy,medium,short,True,-0.21111111,-0.43152557,True,-1.23922083,-1.40375675,False,False
candidate_pool-0253,multiplicative_relation,easy,medium,short,False,0.0,0.0,False,0.0,0.0,True,True
candidate_pool-0254,weighted_aggregation,easy,small,long,False,0.0,0.0,False,0.0,0.0,True,True
candidate_pool-0255,temporal_numeric_constraint,easy,medium,long,True,-0.42592593,-0.20095042,True,-0.18391433,0.13213978,False,True
candidate_pool-0256,ratio_change,medium,small,medium,True,0.16587302,0.00266667,True,2.72596672,1.66075087,False,True
candidate_pool-0257,multiplicative_relation,medium,medium,medium,False,0.0,0.0,False,0.0,0.0,True,True
candidate_pool-0258,weighted_aggregation,medium,small,long,False,0.0,0.0,False,0.0,0.0,False,False
candidate_pool-0259,temporal_numeric_constraint,medium,small,long,True,0.00942761,0.05126263,True,-0.82902069,-0.70198076,False,False
candidate_pool-0260,ratio_change,hard,small,long,True,0.3047619,0.08186813,True,2.91884077,1.89534533,True,True
candidate_pool-0261,multiplicative_relation,hard,large,long,False,0.0,0.0,False,0.0,0.0,False,False
candidate_pool-0262,weighted_aggregation,hard,small,long,False,0.0,0.0,False,0.0,0.0,False,False
candidate_pool-0263,temporal_numeric_constraint,hard,medium,long,True,0.18855219,-0.16731108,True,6.2361055,-1.44733859,False,False
candidate_pool-0264,ratio_change,easy,medium,short,True,0.28095238,0.06053792,True,1.18664162,1.0221057,False,True
candidate_pool-0265,multiplicative_relation,easy,medium,short,False,0.0,0.0,False,0.0,0.0,False,False
candidate_pool-0266,weighted_aggregation,easy,small,long,False,0.0,0.0,False,0.0,0.0,False,False
candidate_pool-0267,temporal_numeric_constraint,easy,small,long,True,-0.27621083,-0.09698197,True,-0.18391433,0.23689663,False,True
candidate_pool-0268,ratio_change,medium,medium,medium,True,0.11428571,-0.17533741,True,0.0,-0.65037262,False,False
candidate_pool-0269,multiplicative_relation,medium,medium,medium,False,0.0,0.0,False,0.0,0.0,False,False
candidate_pool-0270,weighted_aggregation,medium,small,long,False,0.0,0.0,False,0.0,0.0,False,False
candidate_pool-0271,temporal_numeric_constraint,medium,small,long,True,-0.18148148,-0.13964646,True,1.56036759,1.68740752,False,True
candidate_pool-0272,ratio_change,hard,small,long,True,-0.21111111,-0.43400488,True,-1.23922083,-2.26271627,False,False
candidate_pool-0273,multiplicative_relation,hard,large,long,False,0.0,0.0,False,0.0,0.0,True,True
candidate_pool-0274,weighted_aggregation,hard,small,long,False,0.0,0.0,False,0.0,0.0,False,False
candidate_pool-0275,temporal_numeric_constraint,hard,small,long,True,0.25382025,-0.14883774,True,7.73698167,0.35866001,False,False
candidate_pool-0276,ratio_change,easy,medium,short,True,0.38095238,0.16053792,True,1.8998195,1.73528358,True,True
candidate_pool-0277,multiplicative_relation,easy,small,short,False,0.0,0.0,False,0.0,0.0,False,False
candidate_pool-0278,weighted_aggregation,easy,small,long,False,0.0,0.0,False,0.0,0.0,False,False
candidate_pool-0279,temporal_numeric_constraint,easy,small,long,True,-0.42592593,-0.24669707,True,-0.2935537,0.12725726,False,False
candidate_pool-0280,ratio_change,medium,medium,medium,True,0.21428571,-0.07533741,True,0.3604944,-0.28987822,False,False
candidate_pool-0281,multiplicative_relation,medium,large,medium,False,0.0,0.0,False,0.0,0.0,True,True
candidate_pool-0282,weighted_aggregation,medium,small,long,False,0.0,0.0,False,0.0,0.0,False,False
candidate_pool-0283,temporal_numeric_constraint,medium,medium,long,True,0.00942761,0.07195969,True,0.65767008,0.97091902,False,True
candidate_pool-0284,ratio_change,hard,small,long,True,-0.21111111,-0.43400488,True,-1.23922083,-2.26271627,False,False
candidate_pool-0285,multiplicative_relation,hard,large,long,False,0.0,0.0,False,0.0,0.0,False,False
candidate_pool-0286,weighted_aggregation,hard,small,long,False,0.0,0.0,False,0.0,0.0,False,False
candidate_pool-0287,temporal_numeric_constraint,hard,medium,long,True,0.42424242,0.06837915,True,8.15113988,0.4676958,False,False
candidate_pool-0288,ratio_change,easy,small,short,True,0.54285714,0.38373918,True,3.16636583,2.23893942,True,True
candidate_pool-0289,multiplicative_relation,easy,medium,short,False,0.0,0.0,False,0.0,0.0,True,True
candidate_pool-0290,weighted_aggregation,easy,small,long,False,0.0,0.0,False,0.0,0.0,False,False
candidate_pool-0291,temporal_numeric_constraint,easy,small,long,True,-0.27621083,-0.09698197,True,0.71878317,1.13959414,False,True
candidate_pool-0292,ratio_change,medium,small,medium,True,0.14285714,-0.02034921,True,0.0,-1.06521584,False,False
candidate_pool-0293,multiplicative_relation,medium,large,medium,False,0.0,0.0,False,0.0,0.0,False,False
candidate_pool-0294,weighted_aggregation,medium,small,long,False,0.0,0.0,False,0.0,0.0,False,False
candidate_pool-0295,temporal_numeric_constraint,medium,medium,long,True,0.00942761,0.07195969,True,-1.19625121,-0.88300227,False,False
candidate_pool-0296,ratio_change,hard,small,long,True,0.54285714,0.31996337,True,2.91884077,1.89534533,True,True
candidate_pool-0297,multiplicative_relation,hard,large,long,False,0.0,0.0,False,0.0,0.0,True,True
candidate_pool-0298,weighted_aggregation,hard,small,long,False,0.0,0.0,False,0.0,0.0,True,True
candidate_pool-0299,temporal_numeric_constraint,hard,small,long,True,0.42424242,0.02158443,True,7.24844238,-0.12987929,False,False
candidate_pool-0300,ratio_change,easy,small,short,True,0.54285714,0.38373918,True,2.91884077,1.99141436,True,True
candidate_pool-0301,multiplicative_relation,easy,small,short,False,0.0,0.0,False,0.0,0.0,True,True
candidate_pool-0302,weighted_aggregation,easy,small,long,False,0.0,0.0,False,0.0,0.0,False,False
candidate_pool-0303,temporal_numeric_constraint,easy,small,long,True,-0.02946128,0.14976758,True,0.82842255,1.24923351,False,True
candidate_pool-0304,ratio_change,medium,medium,medium,True,0.22619048,-0.06343265,True,1.18664162,0.536269,False,False
candidate_pool-0305,multiplicative_relation,medium,medium,medium,False,0.0,0.0,False,0.0,0.0,True,True
candidate_pool-0306,weighted_aggregation,medium,small,long,False,0.0,0.0,False,0.0,0.0,True,True
candidate_pool-0307,temporal_numeric_constraint,medium,medium,long,True,-0.18148148,-0.1189494,True,-0.91302697,-0.59977803,False,False
candidate_pool-0308,ratio_change,hard,small,long,True,0.14285714,-0.08003663,True,-2.47844165,-3.50193709,False,False
candidate_pool-0309,multiplicative_relation,hard,large,long,False,0.0,0.0,False,0.0,0.0,False,False
candidate_pool-0310,weighted_aggregation,hard,small,long,False,0.0,0.0,False,0.0,0.0,False,False
candidate_pool-0311,temporal_numeric_constraint,hard,small,long,True,0.42424242,0.02158443,True,8.85895792,1.48063626,False,True
candidate_pool-0312,ratio_change,easy,medium,short,True,0.39285714,0.17244268,True,0.96851387,0.80397795,True,False
candidate_pool-0313,multiplicative_relation,easy,small,short,False,0.0,0.0,False,0.0,0.0,False,False
candidate_pool-0314,weighted_aggregation,easy,small,long,False,0.0,0.0,False,0.0,0.0,False,False
candidate_pool-0315,temporal_numeric_constraint,easy,medium,long,True,-0.07777778,0.14719773,True,-0.18391433,0.13213978,False,False
candidate_pool-0316,ratio_change,medium,small,medium,True,0.54285714,0.37965079,True,2.91884077,1.85362492,True,True
candidate_pool-0317,multiplicative_relation,medium,medium,medium,False,0.0,0.0,False,0.0,0.0,False,False
candidate_pool-0318,weighted_aggregation,medium,small,long,False,0.0,0.0,False,0.0,0.0,True,True
candidate_pool-0319,temporal_numeric_constraint,medium,small,long,True,0.00942761,0.05126263,True,-0.18391433,-0.0568744,False,False
candidate_pool-0320,ratio_change,hard,small,long,True,0.22619048,0.0032967,True,1.96228144,0.938786,False,False
candidate_pool-0321,multiplicative_relation,hard,large,long,False,0.0,0.0,False,0.0,0.0,False,False
candidate_pool-0322,weighted_aggregation,hard,small,long,False,0.0,0.0,False,0.0,0.0,False,False
candidate_pool-0323,temporal_numeric_constraint,hard,medium,long,True,0.18855219,-0.16731108,True,6.2361055,-1.44733859,False,False
candidate_pool-0324,ratio_change,easy,medium,short,True,0.11428571,-0.10612875,True,-2.47844165,-2.64297757,False,False
candidate_pool-0325,multiplicative_relation,easy,small,short,False,0.0,0.0,False,0.0,0.0,False,False
candidate_pool-0326,weighted_aggregation,easy,small,long,False,0.0,0.0,False,0.0,0.0,False,False
candidate_pool-0327,temporal_numeric_constraint,easy,medium,long,True,-0.01094276,0.21403275,True,-0.18391433,0.13213978,True,False
candidate_pool-0328,ratio_change,medium,medium,medium,True,0.33333333,0.04371021,True,2.72596672,2.0755941,False,True
candidate_pool-0329,multiplicative_relation,medium,medium,medium,False,0.0,0.0,False,0.0,0.0,False,False
candidate_pool-0330,weighted_aggregation,medium,small,long,False,0.0,0.0,False,0.0,0.0,False,False
candidate_pool-0331,temporal_numeric_constraint,medium,small,long,True,0.00942761,0.05126263,True,-0.18391433,-0.0568744,True,False
candidate_pool-0332,ratio_change,hard,small,long,True,0.22142857,-0.0014652,True,1.8998195,0.87632406,False,False
candidate_pool-0333,multiplicative_relation,hard,small,long,False,0.0,0.0,False,0.0,0.0,False,False
candidate_pool-0334,weighted_aggregation,hard,small,long,False,0.0,0.0,False,0.0,0.0,False,False
candidate_pool-0335,temporal_numeric_constraint,hard,medium,long,True,0.42424242,0.06837915,True,6.40685796,-1.27658612,True,False
candidate_pool-0336,ratio_change,easy,small,short,True,0.3047619,0.14564394,True,3.16636583,2.23893942,True,True
candidate_pool-0337,multiplicative_relation,easy,small,short,False,0.0,0.0,False,0.0,0.0,True,True
candidate_pool-0338,weighted_aggregation,easy,small,long,False,0.0,0.0,False,0.0,0.0,False,False
candidate_pool-0339,temporal_numeric_constraint,easy,medium,long,True,-0.21296296,0.01201254,True,-1.02549874,-0.70944463,False,False
candidate_pool-0340,ratio_change,medium,medium,medium,True,0.38095238,0.09132926,True,1.43147703,0.78110441,False,False
candidate_pool-0341,multiplicative_relation,medium,small,medium,False,0.0,0.0,False,0.0,0.0,False,False
candidate_pool-0342,weighted_aggregation,medium,small,long,False,0.0,0.0,False,0.0,0.0,True,True
candidate_pool-0343,temporal_numeric_constraint,medium,small,long,True,-0.12962963,-0.08779461,True,-0.82902069,-0.70198076,False,False
candidate_pool-0344,ratio_change,hard,small,long,True,0.22142857,-0.0014652,True,1.8998195,0.87632406,False,False
candidate_pool-0345,multiplicative_relation,hard,medium,long,False,0.0,0.0,False,0.0,0.0,True,True
candidate_pool-0346,weighted_aggregation,hard,small,long,False,0.0,0.0,False,0.0,0.0,True,True
candidate_pool-0347,temporal_numeric_constraint,hard,medium,long,True,0.42424242,0.06837915,True,7.84662104,0.16317696,False,False
candidate_pool-0348,ratio_change,easy,medium,short,True,0.30952381,0.08910935,True,0.63327317,0.46873725,False,False
candidate_pool-0349,multiplicative_relation,easy,small,short,False,0.0,0.0,False,0.0,0.0,False,False
candidate_pool-0350,weighted_aggregation,easy,small,long,False,0.0,0.0,False,0.0,0.0,True,True
candidate_pool-0351,temporal_numeric_constraint,easy,small,long,True,-0.01094276,0.1682861,True,0.12071063,0.5415216,True,True
candidate_pool-0352,ratio_change,medium,medium,medium,True,0.63809524,0.34847212,True,3.16636583,2.51599321,True,True
candidate_pool-0353,multiplicative_relation,medium,medium,medium,False,0.0,0.0,False,0.0,0.0,False,False
candidate_pool-0354,weighted_aggregation,medium,small,long,False,0.0,0.0,False,0.0,0.0,False,False
candidate_pool-0355,temporal_numeric_constraint,medium,small,long,True,0.00942761,0.05126263,True,-1.19625121,-1.06921128,False,False
candidate_pool-0356,ratio_change,hard,medium,long,True,0.38095238,0.08525253,True,-2.47844165,-3.06456678,True,False
candidate_pool-0357,multiplicative_relation,hard,large,long,False,0.0,0.0,False,0.0,0.0,False,False
candidate_pool-0358,weighted_aggregation,hard,small,long,False,0.0,0.0,False,0.0,0.0,False,False
candidate_pool-0359,temporal_numeric_constraint,hard,small,long,True,0.25382025,-0.14883774,True,6.2361055,-1.14221616,False,False
candidate_pool-0360,ratio_change,easy,small,short,True,0.14285714,-0.01626082,True,0.0,-0.92742641,False,False
candidate_pool-0361,multiplicative_relation,easy,medium,short,False,0.0,0.0,False,0.0,0.0,False,False
candidate_pool-0362,weighted_aggregation,easy,small,long,False,0.0,0.0,False,0.0,0.0,True,True
candidate_pool-0363,temporal_numeric_constraint,easy,small,long,True,-0.19444444,-0.01521558,True,-0.18391433,0.23689663,False,False
candidate_pool-0364,ratio_change,medium,small,medium,True,0.16587302,0.00266667,True,2.72596672,1.66075087,False,True
candidate_pool-0365,multiplicative_relation,medium,large,medium,False,0.0,0.0,False,0.0,0.0,False,False
candidate_pool-0366,weighted_aggregation,medium,small,long,False,0.0,0.0,False,0.0,0.0,False,False
candidate_pool-0367,temporal_numeric_constraint,medium,medium,long,True,-0.12962963,-0.06709755,True,-0.82902069,-0.51577176,False,False
candidate_pool-0368,ratio_change,hard,small,long,True,0.22619048,0.0032967,True,0.96851387,-0.05498157,False,False
candidate_pool-0369,multiplicative_relation,hard,large,long,False,0.0,0.0,False,0.0,0.0,False,False
candidate_pool-0370,weighted_aggregation,hard,small,long,False,0.0,0.0,False,0.0,0.0,False,False
candidate_pool-0371,temporal_numeric_constraint,hard,medium,long,True,0.42424242,0.06837915,True,10.33689467,2.65345059,False,True
candidate_pool-0372,ratio_change,easy,small,short,True,0.54285714,0.38373918,True,2.91884077,1.99141436,True,True
candidate_pool-0373,multiplicative_relation,easy,medium,short,False,0.0,0.0,False,0.0,0.0,False,False
candidate_pool-0374,weighted_aggregation,easy,small,long,False,0.0,0.0,False,0.0,0.0,True,True
candidate_pool-0375,temporal_numeric_constraint,easy,medium,long,True,-0.42592593,-0.20095042,True,-0.18391433,0.13213978,False,True
candidate_pool-0376,ratio_change,medium,medium,medium,True,0.04761905,-0.24200407,True,0.0,-0.65037262,False,False
candidate_pool-0377,multiplicative_relation,medium,large,medium,False,0.0,0.0,False,0.0,0.0,False,False
candidate_pool-0378,weighted_aggregation,medium,small,long,False,0.0,0.0,False,0.0,0.0,False,False
candidate_pool-0379,temporal_numeric_constraint,medium,small,long,True,0.00942761,0.05126263,True,-0.18391433,-0.0568744,True,False
candidate_pool-0380,ratio_change,hard,medium,long,True,0.39285714,0.09715729,True,1.18664162,0.60051649,True,False
candidate_pool-0381,multiplicative_relation,hard,large,long,False,0.0,0.0,False,0.0,0.0,True,True
candidate_pool-0382,weighted_aggregation,hard,small,long,False,0.0,0.0,False,0.0,0.0,True,True
candidate_pool-0383,temporal_numeric_constraint,hard,medium,long,True,0.42424242,0.06837915,True,5.59099914,-2.09244495,False,False
candidate_pool-0384,ratio_change,easy,small,short,True,-0.21111111,-0.37022908,True,-1.23922083,-2.16664724,False,False
candidate_pool-0385,multiplicative_relation,easy,small,short,False,0.0,0.0,False,0.0,0.0,False,False
candidate_pool-0386,weighted_aggregation,easy,small,long,False,0.0,0.0,False,0.0,0.0,False,False
candidate_pool-0387,temporal_numeric_constraint,easy,small,long,True,-0.01094276,0.1682861,True,-1.19625121,-0.77544025,True,False
candidate_pool-0388,ratio_change,medium,small,medium,True,0.03888889,-0.12431746,True,-0.57862215,-1.643838,False,False
candidate_pool-0389,multiplicative_relation,medium,medium,medium,False,0.0,0.0,False,0.0,0.0,False,False
candidate_pool-0390,weighted_aggregation,medium,medium,long,False,0.0,0.0,False,0.0,0.0,False,False
candidate_pool-0391,temporal_numeric_constraint,medium,small,long,True,-0.12962963,-0.08779461,True,-1.19625121,-1.06921128,False,False
candidate_pool-0392,ratio_change,hard,medium,long,True,0.38095238,0.08525253,True,0.0,-0.58612513,True,False
candidate_pool-0393,multiplicative_relation,hard,large,long,False,0.0,0.0,False,0.0,0.0,True,True
candidate_pool-0394,weighted_aggregation,hard,small,long,False,0.0,0.0,False,0.0,0.0,False,False
candidate_pool-0395,temporal_numeric_constraint,hard,small,long,True,0.50757576,0.10491777,True,5.24226167,-2.13606,True,False
candidate_pool-0396,ratio_change,easy,small,short,True,-0.02380952,-0.18292749,True,0.3604944,-0.56693201,False,False
candidate_pool-0397,multiplicative_relation,easy,small,short,False,0.0,0.0,False,0.0,0.0,False,False
candidate_pool-0398,weighted_aggregation,easy,small,long,False,0.0,0.0,False,0.0,0.0,False,False
candidate_pool-0399,temporal_numeric_constraint,easy,medium,long,True,-0.42435897,-0.19938347,True,-1.19625121,-0.88019709,False,False
candidate_pool-0400,ratio_change,medium,medium,medium,True,0.38095238,0.09132926,True,-2.47844165,-3.12881427,False,False
candidate_pool-0401,multiplicative_relation,medium,medium,medium,False,0.0,0.0,False,0.0,0.0,False,False
candidate_pool-0402,weighted_aggregation,medium,small,long,False,0.0,0.0,False,0.0,0.0,False,False
candidate_pool-0403,temporal_numeric_constraint,medium,small,long,True,-0.12962963,-0.08779461,True,0.71878317,0.84582311,False,True
candidate_pool-0404,ratio_change,hard,medium,long,True,0.22142857,-0.07427128,True,0.66059867,0.07447354,False,False
candidate_pool-0405,multiplicative_relation,hard,large,long,False,0.0,0.0,False,0.0,0.0,False,False
candidate_pool-0406,weighted_aggregation,hard,small,long,False,0.0,0.0,False,0.0,0.0,False,False
candidate_pool-0407,temporal_numeric_constraint,hard,medium,long,True,0.42424242,0.06837915,True,8.74931855,1.06587446,True,True
candidate_pool-0408,ratio_change,easy,small,short,True,-0.21111111,-0.37022908,True,-1.23922083,-2.16664724,False,False
candidate_pool-0409,multiplicative_relation,easy,small,short,False,0.0,0.0,False,0.0,0.0,False,False
candidate_pool-0410,weighted_aggregation,easy,medium,long,False,0.0,0.0,False,0.0,0.0,True,True
candidate_pool-0411,temporal_numeric_constraint,easy,medium,long,True,-0.21296296,0.01201254,True,0.71878317,1.03483729,False,True
candidate_pool-0412,ratio_change,medium,small,medium,True,0.23809524,0.07488889,True,-0.57862215,-1.643838,False,False
candidate_pool-0413,multiplicative_relation,medium,large,medium,False,0.0,0.0,False,0.0,0.0,False,False
candidate_pool-0414,weighted_aggregation,medium,small,long,False,0.0,0.0,False,0.0,0.0,False,False
candidate_pool-0415,temporal_numeric_constraint,medium,medium,long,True,-0.18148148,-0.1189494,True,-1.28739754,-0.9741486,False,False
candidate_pool-0416,ratio_change,hard,medium,long,True,0.38095238,0.08525253,True,-2.47844165,-3.06456678,False,False
candidate_pool-0417,multiplicative_relation,hard,large,long,False,0.0,0.0,False,0.0,0.0,False,False
candidate_pool-0418,weighted_aggregation,hard,small,long,False,0.0,0.0,False,0.0,0.0,True,True
candidate_pool-0419,temporal_numeric_constraint,hard,medium,long,True,0.18855219,-0.16731108,True,7.82368162,0.14023754,False,False
candidate_pool-0420,ratio_change,easy,small,short,True,0.04761905,-0.11149892,True,0.63327317,-0.29415324,False,False
candidate_pool-0421,multiplicative_relation,easy,medium,short,False,0.0,0.0,False,0.0,0.0,False,False
candidate_pool-0422,weighted_aggregation,easy,small,long,False,0.0,0.0,False,0.0,0.0,False,False
candidate_pool-0423,temporal_numeric_constraint,easy,medium,long,True,-0.25925926,-0.03428375,True,-0.18391433,0.13213978,False,False
candidate_pool-0424,ratio_change,medium,small,medium,True,0.23809524,0.07488889,True,-0.57862215,-1.643838,True,False
candidate_pool-0425,multiplicative_relation,medium,medium,medium,False,0.0,0.0,False,0.0,0.0,False,False
candidate_pool-0426,weighted_aggregation,medium,small,long,False,0.0,0.0,False,0.0,0.0,False,False
candidate_pool-0427,temporal_numeric_constraint,medium,medium,long,True,0.00942761,0.07195969,True,-1.19625121,-0.88300227,True,False
candidate_pool-0428,ratio_change,hard,small,long,True,0.54285714,0.31996337,True,3.16636583,2.14287039,True,True
candidate_pool-0429,multiplicative_relation,hard,large,long,False,0.0,0.0,False,0.0,0.0,True,True
candidate_pool-0430,weighted_aggregation,hard,small,long,False,0.0,0.0,False,0.0,0.0,False,False
candidate_pool-0431,temporal_numeric_constraint,hard,medium,long,True,0.25382025,-0.10204302,True,6.40685796,-1.27658612,False,False
candidate_pool-0432,ratio_change,easy,small,short,True,-0.02380952,-0.18292749,True,0.3604944,-0.56693201,False,False
candidate_pool-0433,multiplicative_relation,easy,medium,short,False,0.0,0.0,False,0.0,0.0,False,False
candidate_pool-0434,weighted_aggregation,easy,small,long,False,0.0,0.0,False,0.0,0.0,False,False
candidate_pool-0435,temporal_numeric_constraint,easy,medium,long,True,-0.42435897,-0.19938347,True,-1.19625121,-0.88019709,False,False
candidate_pool-0436,ratio_change,medium,medium,medium,True,0.36428571,0.07466259,True,1.8998195,1.24944688,False,True
candidate_pool-0437,multiplicative_relation,medium,medium,medium,False,0.0,0.0,False,0.0,0.0,True,True
candidate_pool-0438,weighted_aggregation,medium,small,long,False,0.0,0.0,False,0.0,0.0,True,True
candidate_pool-0439,temporal_numeric_constraint,medium,small,long,True,0.00942761,0.05126263,True,-0.18391433,-0.0568744,False,False
candidate_pool-0440,ratio_change,hard,small,long,True,0.23809524,0.01520147,True,-0.57862215,-1.60211759,False,False
candidate_pool-0441,multiplicative_relation,hard,medium,long,False,0.0,0.0,False,0.0,0.0,False,False
candidate_pool-0442,weighted_aggregation,hard,small,long,False,0.0,0.0,False,0.0,0.0,False,False
candidate_pool-0443,temporal_numeric_constraint,hard,medium,long,True,0.42424242,0.06837915,True,6.2361055,-1.44733859,False,False
candidate_pool-0444,ratio_change,easy,medium,short,True,0.38095238,0.16053792,True,-1.48467408,-1.64921,True,False
candidate_pool-0445,multiplicative_relation,easy,medium,short,False,0.0,0.0,False,0.0,0.0,True,True
candidate_pool-0446,weighted_aggregation,easy,small,long,False,0.0,0.0,False,0.0,0.0,False,False
candidate_pool-0447,temporal_numeric_constraint,easy,small,long,True,-0.21139601,-0.03216715,True,-0.18391433,0.23689663,False,False
candidate_pool-0448,ratio_change,medium,small,medium,True,0.23809524,0.07488889,True,1.8998195,0.83460366,False,False
candidate_pool-0449,multiplicative_relation,medium,medium,medium,False,0.0,0.0,False,0.0,0.0,False,False
candidate_pool-0450,weighted_aggregation,medium,small,long,False,0.0,0.0,False,0.0,0.0,False,False
candidate_pool-0451,temporal_numeric_constraint,medium,small,long,True,0.00942761,0.05126263,True,0.82842255,0.95546248,False,True
candidate_pool-0452,ratio_change,hard,medium,long,True,0.30952381,0.01382395,True,1.62704073,1.0409156,False,False
candidate_pool-0453,multiplicative_relation,hard,large,long,False,0.0,0.0,False,0.0,0.0,False,False
candidate_pool-0454,weighted_aggregation,hard,small,long,False,0.0,0.0,False,0.0,0.0,False,False
candidate_pool-0455,temporal_numeric_constraint,hard,medium,long,True,0.42424242,0.06837915,True,7.53166662,-0.15177747,True,False
candidate_pool-0456,ratio_change,easy,medium,short,True,0.22142857,0.00101411,True,0.66059867,0.49606275,False,False
candidate_pool-0457,multiplicative_relation,easy,small,short,False,0.0,0.0,False,0.0,0.0,False,False
candidate_pool-0458,weighted_aggregation,easy,medium,long,False,0.0,0.0,False,0.0,0.0,False,False
candidate_pool-0459,temporal_numeric_constraint,easy,small,long,True,-0.01094276,0.1682861,True,-1.19625121,-0.77544025,True,False
candidate_pool-0460,ratio_change,medium,medium,medium,True,0.22142857,-0.06819455,True,0.66059867,0.01022605,False,False
candidate_pool-0461,multiplicative_relation,medium,large,medium,False,0.0,0.0,False,0.0,0.0,False,False
candidate_pool-0462,weighted_aggregation,medium,small,long,False,0.0,0.0,False,0.0,0.0,False,False
candidate_pool-0463,temporal_numeric_constraint,medium,medium,long,True,-0.18148148,-0.1189494,True,-0.18391433,0.12933461,False,False
candidate_pool-0464,ratio_change,hard,small,long,True,0.04761905,-0.17527473,True,0.0,-1.02349544,False,False
candidate_pool-0465,multiplicative_relation,hard,large,long,False,0.0,0.0,False,0.0,0.0,True,True
candidate_pool-0466,weighted_aggregation,hard,small,long,False,0.0,0.0,False,0.0,0.0,False,False
candidate_pool-0467,temporal_numeric_constraint,hard,medium,long,True,0.42424242,0.06837915,True,8.74931855,1.06587446,False,False
candidate_pool-0468,ratio_change,easy,small,short,True,0.22619048,0.06707251,True,1.18664162,0.25921521,False,False
candidate_pool-0469,multiplicative_relation,easy,medium,short,False,0.0,0.0,False,0.0,0.0,True,True
candidate_pool-0470,weighted_aggregation,easy,small,long,False,0.0,0.0,False,0.0,0.0,True,True
candidate_pool-0471,temporal_numeric_constraint,easy,medium,long,True,-0.02946128,0.19551423,True,-0.18391433,0.13213978,False,False
candidate_pool-0472,ratio_change,medium,medium,medium,True,0.0974026,-0.19222052,True,-0.57862215,-1.22899477,False,False
candidate_pool-0473,multiplicative_relation,medium,medium,medium,False,0.0,0.0,False,0.0,0.0,False,False
candidate_pool-0474,weighted_aggregation,medium,small,long,False,0.0,0.0,False,0.0,0.0,False,False
candidate_pool-0475,temporal_numeric_constraint,medium,medium,long,True,0.00942761,0.07195969,True,-1.02549874,-0.71224981,True,False
candidate_pool-0476,ratio_change,hard,small,long,True,0.54285714,0.31996337,True,3.16636583,2.14287039,True,True
candidate_pool-0477,multiplicative_relation,hard,large,long,False,0.0,0.0,False,0.0,0.0,False,False
candidate_pool-0478,weighted_aggregation,hard,small,long,False,0.0,0.0,False,0.0,0.0,False,False
candidate_pool-0479,temporal_numeric_constraint,hard,small,long,True,0.50757576,0.10491777,True,7.24844238,-0.12987929,True,False
candidate_pool-0480,ratio_change,easy,small,short,True,0.23809524,0.07897727,True,2.06475019,1.13732378,False,False
candidate_pool-0481,multiplicative_relation,easy,small,short,False,0.0,0.0,False,0.0,0.0,True,True
candidate_pool-0482,weighted_aggregation,easy,small,long,False,0.0,0.0,False,0.0,0.0,False,False
candidate_pool-0483,temporal_numeric_constraint,easy,small,long,True,-0.42592593,-0.24669707,True,-0.91302697,-0.49221601,False,False
candidate_pool-0484,ratio_change,medium,small,medium,True,0.33333333,0.17012698,True,3.71973428,2.65451844,True,True
candidate_pool-0485,multiplicative_relation,medium,large,medium,False,0.0,0.0,False,0.0,0.0,True,True
candidate_pool-0486,weighted_aggregation,medium,medium,long,False,0.0,0.0,False,0.0,0.0,True,True
candidate_pool-0487,temporal_numeric_constraint,medium,medium,long,True,-0.15011655,-0.08758447,True,-0.18391433,0.12933461,False,False
candidate_pool-0488,ratio_change,hard,small,long,True,0.23809524,0.01520147,True,-0.57862215,-1.60211759,False,False
candidate_pool-0489,multiplicative_relation,hard,large,long,False,0.0,0.0,False,0.0,0.0,False,False
candidate_pool-0490,weighted_aggregation,hard,small,long,False,0.0,0.0,False,0.0,0.0,True,True
candidate_pool-0491,temporal_numeric_constraint,hard,medium,long,True,0.42424242,0.06837915,True,4.68830163,-2.99514245,False,False
candidate_pool-0492,ratio_change,easy,medium,short,True,0.30952381,0.08910935,True,0.0,-0.16453592,False,False
candidate_pool-0493,multiplicative_relation,easy,small,short,False,0.0,0.0,False,0.0,0.0,True,True
candidate_pool-0494,weighted_aggregation,easy,small,long,False,0.0,0.0,False,0.0,0.0,False,False
candidate_pool-0495,temporal_numeric_constraint,easy,medium,long,True,-0.02946128,0.19551423,True,-0.18391433,0.13213978,False,False
candidate_pool-0496,ratio_change,medium,small,medium,True,0.04761905,-0.1155873,True,0.0,-1.06521584,False,False
candidate_pool-0497,multiplicative_relation,medium,medium,medium,False,0.0,0.0,False,0.0,0.0,False,False
candidate_pool-0498,weighted_aggregation,medium,small,long,False,0.0,0.0,False,0.0,0.0,False,False
candidate_pool-0499,temporal_numeric_constraint,medium,medium,long,True,0.00942761,0.07195969,True,-0.18391433,0.12933461,False,False
