comparison,left_seed,right_seed,selected_id_jaccard
fixed_quota_hash,20260710,20260711,0.286432
fixed_quota_hash,20260710,20260712,0.292929
fixed_quota_hash,20260711,20260712,0.312821
fixed_quota_stratified_random_null,20260800,20260801,0.333333
fixed_quota_stratified_random_null,20260800,20260802,0.286432
fixed_quota_stratified_random_null,20260800,20260803,0.319588
fixed_quota_stratified_random_null,20260800,20260804,0.340314
fixed_quota_stratified_random_null,20260800,20260805,0.326425
fixed_quota_stratified_random_null,20260800,20260806,0.354497
fixed_quota_stratified_random_null,20260800,20260807,0.340314
fixed_quota_stratified_random_null,20260800,20260808,0.292929
fixed_quota_stratified_random_null,20260800,20260809,0.333333
fixed_quota_stratified_random_null,20260800,20260810,0.319588
fixed_quota_stratified_random_null,20260800,20260811,0.286432
fixed_quota_stratified_random_null,20260800,20260812,0.28
fixed_quota_stratified_random_null,20260800,20260813,0.326425
fixed_quota_stratified_random_null,20260800,20260814,0.299492
fixed_quota_stratified_random_null,20260800,20260815,0.333333
fixed_quota_stratified_random_null,20260800,20260816,0.319588
fixed_quota_stratified_random_null,20260800,20260817,0.312821
fixed_quota_stratified_random_null,20260800,20260818,0.299492
fixed_quota_stratified_random_null,20260800,20260819,0.312821
fixed_quota_stratified_random_null,20260800,20260820,0.347368
fixed_quota_stratified_random_null,20260800,20260821,0.347368
fixed_quota_stratified_random_null,20260800,20260822,0.383784
fixed_quota_stratified_random_null,20260800,20260823,0.333333
fixed_quota_stratified_random_null,20260800,20260824,0.286432
fixed_quota_stratified_random_null,20260800,20260825,0.312821
fixed_quota_stratified_random_null,20260800,20260826,0.28
fixed_quota_stratified_random_null,20260800,20260827,0.28
fixed_quota_stratified_random_null,20260800,20260828,0.368984
fixed_quota_stratified_random_null,20260800,20260829,0.326425
fixed_quota_stratified_random_null,20260800,20260830,0.376344
fixed_quota_stratified_random_null,20260800,20260831,0.319588
fixed_quota_stratified_random_null,20260800,20260832,0.333333
fixed_quota_stratified_random_null,20260800,20260833,0.333333
fixed_quota_stratified_random_null,20260800,20260834,0.326425
fixed_quota_stratified_random_null,20260800,20260835,0.333333
fixed_quota_stratified_random_null,20260800,20260836,0.312821
fixed_quota_stratified_random_null,20260800,20260837,0.319588
fixed_quota_stratified_random_null,20260800,20260838,0.306122
fixed_quota_stratified_random_null,20260800,20260839,0.347368
fixed_quota_stratified_random_null,20260800,20260840,0.286432
fixed_quota_stratified_random_null,20260800,20260841,0.326425
fixed_quota_stratified_random_null,20260800,20260842,0.326425
fixed_quota_stratified_random_null,20260800,20260843,0.299492
fixed_quota_stratified_random_null,20260800,20260844,0.319588
fixed_quota_stratified_random_null,20260800,20260845,0.312821
fixed_quota_stratified_random_null,20260800,20260846,0.326425
fixed_quota_stratified_random_null,20260800,20260847,0.299492
fixed_quota_stratified_random_null,20260800,20260848,0.299492
fixed_quota_stratified_random_null,20260800,20260849,0.333333
fixed_quota_stratified_random_null,20260801,20260802,0.312821
fixed_quota_stratified_random_null,20260801,20260803,0.361702
fixed_quota_stratified_random_null,20260801,20260804,0.267327
fixed_quota_stratified_random_null,20260801,20260805,0.376344
fixed_quota_stratified_random_null,20260801,20260806,0.299492
fixed_quota_stratified_random_null,20260801,20260807,0.326425
fixed_quota_stratified_random_null,20260801,20260808,0.312821
fixed_quota_stratified_random_null,20260801,20260809,0.347368
fixed_quota_stratified_random_null,20260801,20260810,0.319588
fixed_quota_stratified_random_null,20260801,20260811,0.267327
fixed_quota_stratified_random_null,20260801,20260812,0.340314
fixed_quota_stratified_random_null,20260801,20260813,0.347368
fixed_quota_stratified_random_null,20260801,20260814,0.273632
fixed_quota_stratified_random_null,20260801,20260815,0.319588
fixed_quota_stratified_random_null,20260801,20260816,0.333333
fixed_quota_stratified_random_null,20260801,20260817,0.326425
fixed_quota_stratified_random_null,20260801,20260818,0.333333
fixed_quota_stratified_random_null,20260801,20260819,0.28
fixed_quota_stratified_random_null,20260801,20260820,0.286432
fixed_quota_stratified_random_null,20260801,20260821,0.312821
fixed_quota_stratified_random_null,20260801,20260822,0.312821
fixed_quota_stratified_random_null,20260801,20260823,0.326425
fixed_quota_stratified_random_null,20260801,20260824,0.326425
fixed_quota_stratified_random_null,20260801,20260825,0.299492
fixed_quota_stratified_random_null,20260801,20260826,0.28
fixed_quota_stratified_random_null,20260801,20260827,0.306122
fixed_quota_stratified_random_null,20260801,20260828,0.286432
fixed_quota_stratified_random_null,20260801,20260829,0.319588
fixed_quota_stratified_random_null,20260801,20260830,0.340314
fixed_quota_stratified_random_null,20260801,20260831,0.354497
fixed_quota_stratified_random_null,20260801,20260832,0.333333
fixed_quota_stratified_random_null,20260801,20260833,0.340314
fixed_quota_stratified_random_null,20260801,20260834,0.299492
fixed_quota_stratified_random_null,20260801,20260835,0.261084
fixed_quota_stratified_random_null,20260801,20260836,0.361702
fixed_quota_stratified_random_null,20260801,20260837,0.306122
fixed_quota_stratified_random_null,20260801,20260838,0.306122
fixed_quota_stratified_random_null,20260801,20260839,0.312821
fixed_quota_stratified_random_null,20260801,20260840,0.286432
fixed_quota_stratified_random_null,20260801,20260841,0.286432
fixed_quota_stratified_random_null,20260801,20260842,0.28
fixed_quota_stratified_random_null,20260801,20260843,0.261084
fixed_quota_stratified_random_null,20260801,20260844,0.306122
fixed_quota_stratified_random_null,20260801,20260845,0.312821
fixed_quota_stratified_random_null,20260801,20260846,0.230769
fixed_quota_stratified_random_null,20260801,20260847,0.286432
fixed_quota_stratified_random_null,20260801,20260848,0.347368
fixed_quota_stratified_random_null,20260801,20260849,0.368984
fixed_quota_stratified_random_null,20260802,20260803,0.299492
fixed_quota_stratified_random_null,20260802,20260804,0.306122
fixed_quota_stratified_random_null,20260802,20260805,0.28
fixed_quota_stratified_random_null,20260802,20260806,0.354497
fixed_quota_stratified_random_null,20260802,20260807,0.333333
fixed_quota_stratified_random_null,20260802,20260808,0.312821
fixed_quota_stratified_random_null,20260802,20260809,0.333333
fixed_quota_stratified_random_null,20260802,20260810,0.368984
fixed_quota_stratified_random_null,20260802,20260811,0.312821
fixed_quota_stratified_random_null,20260802,20260812,0.368984
fixed_quota_stratified_random_null,20260802,20260813,0.28
fixed_quota_stratified_random_null,20260802,20260814,0.306122
fixed_quota_stratified_random_null,20260802,20260815,0.286432
fixed_quota_stratified_random_null,20260802,20260816,0.368984
fixed_quota_stratified_random_null,20260802,20260817,0.286432
fixed_quota_stratified_random_null,20260802,20260818,0.354497
fixed_quota_stratified_random_null,20260802,20260819,0.326425
fixed_quota_stratified_random_null,20260802,20260820,0.292929
fixed_quota_stratified_random_null,20260802,20260821,0.340314
fixed_quota_stratified_random_null,20260802,20260822,0.319588
fixed_quota_stratified_random_null,20260802,20260823,0.333333
fixed_quota_stratified_random_null,20260802,20260824,0.347368
fixed_quota_stratified_random_null,20260802,20260825,0.299492
fixed_quota_stratified_random_null,20260802,20260826,0.361702
fixed_quota_stratified_random_null,20260802,20260827,0.340314
fixed_quota_stratified_random_null,20260802,20260828,0.306122
fixed_quota_stratified_random_null,20260802,20260829,0.333333
fixed_quota_stratified_random_null,20260802,20260830,0.368984
fixed_quota_stratified_random_null,20260802,20260831,0.326425
fixed_quota_stratified_random_null,20260802,20260832,0.319588
fixed_quota_stratified_random_null,20260802,20260833,0.340314
fixed_quota_stratified_random_null,20260802,20260834,0.312821
fixed_quota_stratified_random_null,20260802,20260835,0.333333
fixed_quota_stratified_random_null,20260802,20260836,0.326425
fixed_quota_stratified_random_null,20260802,20260837,0.319588
fixed_quota_stratified_random_null,20260802,20260838,0.319588
fixed_quota_stratified_random_null,20260802,20260839,0.28
fixed_quota_stratified_random_null,20260802,20260840,0.312821
fixed_quota_stratified_random_null,20260802,20260841,0.299492
fixed_quota_stratified_random_null,20260802,20260842,0.254902
fixed_quota_stratified_random_null,20260802,20260843,0.326425
fixed_quota_stratified_random_null,20260802,20260844,0.306122
fixed_quota_stratified_random_null,20260802,20260845,0.347368
fixed_quota_stratified_random_null,20260802,20260846,0.299492
fixed_quota_stratified_random_null,20260802,20260847,0.28
fixed_quota_stratified_random_null,20260802,20260848,0.312821
fixed_quota_stratified_random_null,20260802,20260849,0.312821
fixed_quota_stratified_random_null,20260803,20260804,0.312821
fixed_quota_stratified_random_null,20260803,20260805,0.326425
fixed_quota_stratified_random_null,20260803,20260806,0.28
fixed_quota_stratified_random_null,20260803,20260807,0.306122
fixed_quota_stratified_random_null,20260803,20260808,0.312821
fixed_quota_stratified_random_null,20260803,20260809,0.319588
fixed_quota_stratified_random_null,20260803,20260810,0.319588
fixed_quota_stratified_random_null,20260803,20260811,0.340314
fixed_quota_stratified_random_null,20260803,20260812,0.319588
fixed_quota_stratified_random_null,20260803,20260813,0.267327
fixed_quota_stratified_random_null,20260803,20260814,0.306122
fixed_quota_stratified_random_null,20260803,20260815,0.361702
fixed_quota_stratified_random_null,20260803,20260816,0.319588
fixed_quota_stratified_random_null,20260803,20260817,0.299492
fixed_quota_stratified_random_null,20260803,20260818,0.354497
fixed_quota_stratified_random_null,20260803,20260819,0.286432
fixed_quota_stratified_random_null,20260803,20260820,0.306122
fixed_quota_stratified_random_null,20260803,20260821,0.299492
fixed_quota_stratified_random_null,20260803,20260822,0.306122
fixed_quota_stratified_random_null,20260803,20260823,0.261084
fixed_quota_stratified_random_null,20260803,20260824,0.306122
fixed_quota_stratified_random_null,20260803,20260825,0.319588
fixed_quota_stratified_random_null,20260803,20260826,0.361702
fixed_quota_stratified_random_null,20260803,20260827,0.306122
fixed_quota_stratified_random_null,20260803,20260828,0.306122
fixed_quota_stratified_random_null,20260803,20260829,0.368984
fixed_quota_stratified_random_null,20260803,20260830,0.306122
fixed_quota_stratified_random_null,20260803,20260831,0.347368
fixed_quota_stratified_random_null,20260803,20260832,0.368984
fixed_quota_stratified_random_null,20260803,20260833,0.326425
fixed_quota_stratified_random_null,20260803,20260834,0.361702
fixed_quota_stratified_random_null,20260803,20260835,0.273632
fixed_quota_stratified_random_null,20260803,20260836,0.292929
fixed_quota_stratified_random_null,20260803,20260837,0.306122
fixed_quota_stratified_random_null,20260803,20260838,0.347368
fixed_quota_stratified_random_null,20260803,20260839,0.340314
fixed_quota_stratified_random_null,20260803,20260840,0.333333
fixed_quota_stratified_random_null,20260803,20260841,0.292929
fixed_quota_stratified_random_null,20260803,20260842,0.306122
fixed_quota_stratified_random_null,20260803,20260843,0.368984
fixed_quota_stratified_random_null,20260803,20260844,0.326425
fixed_quota_stratified_random_null,20260803,20260845,0.319588
fixed_quota_stratified_random_null,20260803,20260846,0.292929
fixed_quota_stratified_random_null,20260803,20260847,0.286432
fixed_quota_stratified_random_null,20260803,20260848,0.354497
fixed_quota_stratified_random_null,20260803,20260849,0.299492
fixed_quota_stratified_random_null,20260804,20260805,0.267327
fixed_quota_stratified_random_null,20260804,20260806,0.326425
fixed_quota_stratified_random_null,20260804,20260807,0.299492
fixed_quota_stratified_random_null,20260804,20260808,0.312821
fixed_quota_stratified_random_null,20260804,20260809,0.354497
fixed_quota_stratified_random_null,20260804,20260810,0.286432
fixed_quota_stratified_random_null,20260804,20260811,0.326425
fixed_quota_stratified_random_null,20260804,20260812,0.306122
fixed_quota_stratified_random_null,20260804,20260813,0.286432
fixed_quota_stratified_random_null,20260804,20260814,0.333333
fixed_quota_stratified_random_null,20260804,20260815,0.299492
fixed_quota_stratified_random_null,20260804,20260816,0.312821
fixed_quota_stratified_random_null,20260804,20260817,0.312821
fixed_quota_stratified_random_null,20260804,20260818,0.340314
fixed_quota_stratified_random_null,20260804,20260819,0.354497
fixed_quota_stratified_random_null,20260804,20260820,0.326425
fixed_quota_stratified_random_null,20260804,20260821,0.312821
fixed_quota_stratified_random_null,20260804,20260822,0.340314
fixed_quota_stratified_random_null,20260804,20260823,0.354497
fixed_quota_stratified_random_null,20260804,20260824,0.299492
fixed_quota_stratified_random_null,20260804,20260825,0.326425
fixed_quota_stratified_random_null,20260804,20260826,0.333333
fixed_quota_stratified_random_null,20260804,20260827,0.286432
fixed_quota_stratified_random_null,20260804,20260828,0.292929
fixed_quota_stratified_random_null,20260804,20260829,0.299492
fixed_quota_stratified_random_null,20260804,20260830,0.340314
fixed_quota_stratified_random_null,20260804,20260831,0.312821
fixed_quota_stratified_random_null,20260804,20260832,0.347368
fixed_quota_stratified_random_null,20260804,20260833,0.383784
fixed_quota_stratified_random_null,20260804,20260834,0.306122
fixed_quota_stratified_random_null,20260804,20260835,0.347368
fixed_quota_stratified_random_null,20260804,20260836,0.306122
fixed_quota_stratified_random_null,20260804,20260837,0.340314
fixed_quota_stratified_random_null,20260804,20260838,0.347368
fixed_quota_stratified_random_null,20260804,20260839,0.312821
fixed_quota_stratified_random_null,20260804,20260840,0.312821
fixed_quota_stratified_random_null,20260804,20260841,0.319588
fixed_quota_stratified_random_null,20260804,20260842,0.333333
fixed_quota_stratified_random_null,20260804,20260843,0.354497
fixed_quota_stratified_random_null,20260804,20260844,0.267327
fixed_quota_stratified_random_null,20260804,20260845,0.333333
fixed_quota_stratified_random_null,20260804,20260846,0.299492
fixed_quota_stratified_random_null,20260804,20260847,0.319588
fixed_quota_stratified_random_null,20260804,20260848,0.319588
fixed_quota_stratified_random_null,20260804,20260849,0.347368
fixed_quota_stratified_random_null,20260805,20260806,0.354497
fixed_quota_stratified_random_null,20260805,20260807,0.299492
fixed_quota_stratified_random_null,20260805,20260808,0.340314
fixed_quota_stratified_random_null,20260805,20260809,0.368984
fixed_quota_stratified_random_null,20260805,20260810,0.286432
fixed_quota_stratified_random_null,20260805,20260811,0.292929
fixed_quota_stratified_random_null,20260805,20260812,0.333333
fixed_quota_stratified_random_null,20260805,20260813,0.286432
fixed_quota_stratified_random_null,20260805,20260814,0.333333
fixed_quota_stratified_random_null,20260805,20260815,0.326425
fixed_quota_stratified_random_null,20260805,20260816,0.236715
fixed_quota_stratified_random_null,20260805,20260817,0.354497
fixed_quota_stratified_random_null,20260805,20260818,0.312821
fixed_quota_stratified_random_null,20260805,20260819,0.340314
fixed_quota_stratified_random_null,20260805,20260820,0.24878
fixed_quota_stratified_random_null,20260805,20260821,0.326425
fixed_quota_stratified_random_null,20260805,20260822,0.319588
fixed_quota_stratified_random_null,20260805,20260823,0.340314
fixed_quota_stratified_random_null,20260805,20260824,0.306122
fixed_quota_stratified_random_null,20260805,20260825,0.273632
fixed_quota_stratified_random_null,20260805,20260826,0.261084
fixed_quota_stratified_random_null,20260805,20260827,0.326425
fixed_quota_stratified_random_null,20260805,20260828,0.28
fixed_quota_stratified_random_null,20260805,20260829,0.354497
fixed_quota_stratified_random_null,20260805,20260830,0.333333
fixed_quota_stratified_random_null,20260805,20260831,0.347368
fixed_quota_stratified_random_null,20260805,20260832,0.319588
fixed_quota_stratified_random_null,20260805,20260833,0.368984
fixed_quota_stratified_random_null,20260805,20260834,0.292929
fixed_quota_stratified_random_null,20260805,20260835,0.333333
fixed_quota_stratified_random_null,20260805,20260836,0.333333
fixed_quota_stratified_random_null,20260805,20260837,0.326425
fixed_quota_stratified_random_null,20260805,20260838,0.28
fixed_quota_stratified_random_null,20260805,20260839,0.299492
fixed_quota_stratified_random_null,20260805,20260840,0.347368
fixed_quota_stratified_random_null,20260805,20260841,0.319588
fixed_quota_stratified_random_null,20260805,20260842,0.299492
fixed_quota_stratified_random_null,20260805,20260843,0.347368
fixed_quota_stratified_random_null,20260805,20260844,0.354497
fixed_quota_stratified_random_null,20260805,20260845,0.267327
fixed_quota_stratified_random_null,20260805,20260846,0.28
fixed_quota_stratified_random_null,20260805,20260847,0.333333
fixed_quota_stratified_random_null,20260805,20260848,0.292929
fixed_quota_stratified_random_null,20260805,20260849,0.312821
fixed_quota_stratified_random_null,20260806,20260807,0.306122
fixed_quota_stratified_random_null,20260806,20260808,0.306122
fixed_quota_stratified_random_null,20260806,20260809,0.347368
fixed_quota_stratified_random_null,20260806,20260810,0.376344
fixed_quota_stratified_random_null,20260806,20260811,0.292929
fixed_quota_stratified_random_null,20260806,20260812,0.299492
fixed_quota_stratified_random_null,20260806,20260813,0.292929
fixed_quota_stratified_random_null,20260806,20260814,0.299492
fixed_quota_stratified_random_null,20260806,20260815,0.292929
fixed_quota_stratified_random_null,20260806,20260816,0.312821
fixed_quota_stratified_random_null,20260806,20260817,0.347368
fixed_quota_stratified_random_null,20260806,20260818,0.312821
fixed_quota_stratified_random_null,20260806,20260819,0.347368
fixed_quota_stratified_random_null,20260806,20260820,0.368984
fixed_quota_stratified_random_null,20260806,20260821,0.292929
fixed_quota_stratified_random_null,20260806,20260822,0.319588
fixed_quota_stratified_random_null,20260806,20260823,0.333333
fixed_quota_stratified_random_null,20260806,20260824,0.319588
fixed_quota_stratified_random_null,20260806,20260825,0.230769
fixed_quota_stratified_random_null,20260806,20260826,0.306122
fixed_quota_stratified_random_null,20260806,20260827,0.28
fixed_quota_stratified_random_null,20260806,20260828,0.292929
fixed_quota_stratified_random_null,20260806,20260829,0.306122
fixed_quota_stratified_random_null,20260806,20260830,0.292929
fixed_quota_stratified_random_null,20260806,20260831,0.326425
fixed_quota_stratified_random_null,20260806,20260832,0.286432
fixed_quota_stratified_random_null,20260806,20260833,0.273632
fixed_quota_stratified_random_null,20260806,20260834,0.347368
fixed_quota_stratified_random_null,20260806,20260835,0.354497
fixed_quota_stratified_random_null,20260806,20260836,0.326425
fixed_quota_stratified_random_null,20260806,20260837,0.383784
fixed_quota_stratified_random_null,20260806,20260838,0.299492
fixed_quota_stratified_random_null,20260806,20260839,0.306122
fixed_quota_stratified_random_null,20260806,20260840,0.306122
fixed_quota_stratified_random_null,20260806,20260841,0.376344
fixed_quota_stratified_random_null,20260806,20260842,0.299492
fixed_quota_stratified_random_null,20260806,20260843,0.326425
fixed_quota_stratified_random_null,20260806,20260844,0.333333
fixed_quota_stratified_random_null,20260806,20260845,0.319588
fixed_quota_stratified_random_null,20260806,20260846,0.333333
fixed_quota_stratified_random_null,20260806,20260847,0.354497
fixed_quota_stratified_random_null,20260806,20260848,0.292929
fixed_quota_stratified_random_null,20260806,20260849,0.319588
fixed_quota_stratified_random_null,20260807,20260808,0.267327
fixed_quota_stratified_random_null,20260807,20260809,0.312821
fixed_quota_stratified_random_null,20260807,20260810,0.319588
fixed_quota_stratified_random_null,20260807,20260811,0.340314
fixed_quota_stratified_random_null,20260807,20260812,0.312821
fixed_quota_stratified_random_null,20260807,20260813,0.368984
fixed_quota_stratified_random_null,20260807,20260814,0.286432
fixed_quota_stratified_random_null,20260807,20260815,0.312821
fixed_quota_stratified_random_null,20260807,20260816,0.286432
fixed_quota_stratified_random_null,20260807,20260817,0.312821
fixed_quota_stratified_random_null,20260807,20260818,0.312821
fixed_quota_stratified_random_null,20260807,20260819,0.28
fixed_quota_stratified_random_null,20260807,20260820,0.273632
fixed_quota_stratified_random_null,20260807,20260821,0.333333
fixed_quota_stratified_random_null,20260807,20260822,0.319588
fixed_quota_stratified_random_null,20260807,20260823,0.326425
fixed_quota_stratified_random_null,20260807,20260824,0.267327
fixed_quota_stratified_random_null,20260807,20260825,0.299492
fixed_quota_stratified_random_null,20260807,20260826,0.292929
fixed_quota_stratified_random_null,20260807,20260827,0.340314
fixed_quota_stratified_random_null,20260807,20260828,0.286432
fixed_quota_stratified_random_null,20260807,20260829,0.333333
fixed_quota_stratified_random_null,20260807,20260830,0.28
fixed_quota_stratified_random_null,20260807,20260831,0.299492
fixed_quota_stratified_random_null,20260807,20260832,0.292929
fixed_quota_stratified_random_null,20260807,20260833,0.319588
fixed_quota_stratified_random_null,20260807,20260834,0.299492
fixed_quota_stratified_random_null,20260807,20260835,0.292929
fixed_quota_stratified_random_null,20260807,20260836,0.299492
fixed_quota_stratified_random_null,20260807,20260837,0.340314
fixed_quota_stratified_random_null,20260807,20260838,0.292929
fixed_quota_stratified_random_null,20260807,20260839,0.306122
fixed_quota_stratified_random_null,20260807,20260840,0.333333
fixed_quota_stratified_random_null,20260807,20260841,0.28
fixed_quota_stratified_random_null,20260807,20260842,0.319588
fixed_quota_stratified_random_null,20260807,20260843,0.376344
fixed_quota_stratified_random_null,20260807,20260844,0.319588
fixed_quota_stratified_random_null,20260807,20260845,0.292929
fixed_quota_stratified_random_null,20260807,20260846,0.326425
fixed_quota_stratified_random_null,20260807,20260847,0.354497
fixed_quota_stratified_random_null,20260807,20260848,0.299492
fixed_quota_stratified_random_null,20260807,20260849,0.273632
fixed_quota_stratified_random_null,20260808,20260809,0.292929
fixed_quota_stratified_random_null,20260808,20260810,0.254902
fixed_quota_stratified_random_null,20260808,20260811,0.273632
fixed_quota_stratified_random_null,20260808,20260812,0.383784
fixed_quota_stratified_random_null,20260808,20260813,0.28
fixed_quota_stratified_random_null,20260808,20260814,0.292929
fixed_quota_stratified_random_null,20260808,20260815,0.306122
fixed_quota_stratified_random_null,20260808,20260816,0.347368
fixed_quota_stratified_random_null,20260808,20260817,0.292929
fixed_quota_stratified_random_null,20260808,20260818,0.319588
fixed_quota_stratified_random_null,20260808,20260819,0.306122
fixed_quota_stratified_random_null,20260808,20260820,0.312821
fixed_quota_stratified_random_null,20260808,20260821,0.286432
fixed_quota_stratified_random_null,20260808,20260822,0.286432
fixed_quota_stratified_random_null,20260808,20260823,0.312821
fixed_quota_stratified_random_null,20260808,20260824,0.340314
fixed_quota_stratified_random_null,20260808,20260825,0.286432
fixed_quota_stratified_random_null,20260808,20260826,0.312821
fixed_quota_stratified_random_null,20260808,20260827,0.312821
fixed_quota_stratified_random_null,20260808,20260828,0.333333
fixed_quota_stratified_random_null,20260808,20260829,0.267327
fixed_quota_stratified_random_null,20260808,20260830,0.286432
fixed_quota_stratified_random_null,20260808,20260831,0.299492
fixed_quota_stratified_random_null,20260808,20260832,0.299492
fixed_quota_stratified_random_null,20260808,20260833,0.326425
fixed_quota_stratified_random_null,20260808,20260834,0.292929
fixed_quota_stratified_random_null,20260808,20260835,0.273632
fixed_quota_stratified_random_null,20260808,20260836,0.312821
fixed_quota_stratified_random_null,20260808,20260837,0.368984
fixed_quota_stratified_random_null,20260808,20260838,0.347368
fixed_quota_stratified_random_null,20260808,20260839,0.354497
fixed_quota_stratified_random_null,20260808,20260840,0.376344
fixed_quota_stratified_random_null,20260808,20260841,0.333333
fixed_quota_stratified_random_null,20260808,20260842,0.312821
fixed_quota_stratified_random_null,20260808,20260843,0.286432
fixed_quota_stratified_random_null,20260808,20260844,0.312821
fixed_quota_stratified_random_null,20260808,20260845,0.306122
fixed_quota_stratified_random_null,20260808,20260846,0.312821
fixed_quota_stratified_random_null,20260808,20260847,0.312821
fixed_quota_stratified_random_null,20260808,20260848,0.273632
fixed_quota_stratified_random_null,20260808,20260849,0.391304
fixed_quota_stratified_random_null,20260809,20260810,0.312821
fixed_quota_stratified_random_null,20260809,20260811,0.319588
fixed_quota_stratified_random_null,20260809,20260812,0.333333
fixed_quota_stratified_random_null,20260809,20260813,0.299492
fixed_quota_stratified_random_null,20260809,20260814,0.391304
fixed_quota_stratified_random_null,20260809,20260815,0.28
fixed_quota_stratified_random_null,20260809,20260816,0.292929
fixed_quota_stratified_random_null,20260809,20260817,0.340314
fixed_quota_stratified_random_null,20260809,20260818,0.333333
fixed_quota_stratified_random_null,20260809,20260819,0.254902
fixed_quota_stratified_random_null,20260809,20260820,0.319588
fixed_quota_stratified_random_null,20260809,20260821,0.292929
fixed_quota_stratified_random_null,20260809,20260822,0.326425
fixed_quota_stratified_random_null,20260809,20260823,0.326425
fixed_quota_stratified_random_null,20260809,20260824,0.333333
fixed_quota_stratified_random_null,20260809,20260825,0.286432
fixed_quota_stratified_random_null,20260809,20260826,0.312821
fixed_quota_stratified_random_null,20260809,20260827,0.242718
fixed_quota_stratified_random_null,20260809,20260828,0.306122
fixed_quota_stratified_random_null,20260809,20260829,0.306122
fixed_quota_stratified_random_null,20260809,20260830,0.306122
fixed_quota_stratified_random_null,20260809,20260831,0.319588
fixed_quota_stratified_random_null,20260809,20260832,0.319588
fixed_quota_stratified_random_null,20260809,20260833,0.326425
fixed_quota_stratified_random_null,20260809,20260834,0.333333
fixed_quota_stratified_random_null,20260809,20260835,0.319588
fixed_quota_stratified_random_null,20260809,20260836,0.319588
fixed_quota_stratified_random_null,20260809,20260837,0.340314
fixed_quota_stratified_random_null,20260809,20260838,0.319588
fixed_quota_stratified_random_null,20260809,20260839,0.292929
fixed_quota_stratified_random_null,20260809,20260840,0.361702
fixed_quota_stratified_random_null,20260809,20260841,0.319588
fixed_quota_stratified_random_null,20260809,20260842,0.361702
fixed_quota_stratified_random_null,20260809,20260843,0.299492
fixed_quota_stratified_random_null,20260809,20260844,0.326425
fixed_quota_stratified_random_null,20260809,20260845,0.326425
fixed_quota_stratified_random_null,20260809,20260846,0.267327
fixed_quota_stratified_random_null,20260809,20260847,0.333333
fixed_quota_stratified_random_null,20260809,20260848,0.347368
fixed_quota_stratified_random_null,20260809,20260849,0.306122
fixed_quota_stratified_random_null,20260810,20260811,0.319588
fixed_quota_stratified_random_null,20260810,20260812,0.340314
fixed_quota_stratified_random_null,20260810,20260813,0.347368
fixed_quota_stratified_random_null,20260810,20260814,0.319588
fixed_quota_stratified_random_null,20260810,20260815,0.319588
fixed_quota_stratified_random_null,20260810,20260816,0.312821
fixed_quota_stratified_random_null,20260810,20260817,0.306122
fixed_quota_stratified_random_null,20260810,20260818,0.312821
fixed_quota_stratified_random_null,20260810,20260819,0.312821
fixed_quota_stratified_random_null,20260810,20260820,0.333333
fixed_quota_stratified_random_null,20260810,20260821,0.299492
fixed_quota_stratified_random_null,20260810,20260822,0.326425
fixed_quota_stratified_random_null,20260810,20260823,0.333333
fixed_quota_stratified_random_null,20260810,20260824,0.326425
fixed_quota_stratified_random_null,20260810,20260825,0.28
fixed_quota_stratified_random_null,20260810,20260826,0.340314
fixed_quota_stratified_random_null,20260810,20260827,0.312821
fixed_quota_stratified_random_null,20260810,20260828,0.312821
fixed_quota_stratified_random_null,20260810,20260829,0.299492
fixed_quota_stratified_random_null,20260810,20260830,0.306122
fixed_quota_stratified_random_null,20260810,20260831,0.292929
fixed_quota_stratified_random_null,20260810,20260832,0.340314
fixed_quota_stratified_random_null,20260810,20260833,0.312821
fixed_quota_stratified_random_null,20260810,20260834,0.292929
fixed_quota_stratified_random_null,20260810,20260835,0.368984
fixed_quota_stratified_random_null,20260810,20260836,0.306122
fixed_quota_stratified_random_null,20260810,20260837,0.312821
fixed_quota_stratified_random_null,20260810,20260838,0.273632
fixed_quota_stratified_random_null,20260810,20260839,0.299492
fixed_quota_stratified_random_null,20260810,20260840,0.306122
fixed_quota_stratified_random_null,20260810,20260841,0.306122
fixed_quota_stratified_random_null,20260810,20260842,0.340314
fixed_quota_stratified_random_null,20260810,20260843,0.306122
fixed_quota_stratified_random_null,20260810,20260844,0.28
fixed_quota_stratified_random_null,20260810,20260845,0.319588
fixed_quota_stratified_random_null,20260810,20260846,0.306122
fixed_quota_stratified_random_null,20260810,20260847,0.299492
fixed_quota_stratified_random_null,20260810,20260848,0.306122
fixed_quota_stratified_random_null,20260810,20260849,0.319588
fixed_quota_stratified_random_null,20260811,20260812,0.292929
fixed_quota_stratified_random_null,20260811,20260813,0.319588
fixed_quota_stratified_random_null,20260811,20260814,0.340314
fixed_quota_stratified_random_null,20260811,20260815,0.312821
fixed_quota_stratified_random_null,20260811,20260816,0.306122
fixed_quota_stratified_random_null,20260811,20260817,0.267327
fixed_quota_stratified_random_null,20260811,20260818,0.326425
fixed_quota_stratified_random_null,20260811,20260819,0.333333
fixed_quota_stratified_random_null,20260811,20260820,0.368984
fixed_quota_stratified_random_null,20260811,20260821,0.326425
fixed_quota_stratified_random_null,20260811,20260822,0.299492
fixed_quota_stratified_random_null,20260811,20260823,0.340314
fixed_quota_stratified_random_null,20260811,20260824,0.292929
fixed_quota_stratified_random_null,20260811,20260825,0.354497
fixed_quota_stratified_random_null,20260811,20260826,0.368984
fixed_quota_stratified_random_null,20260811,20260827,0.299492
fixed_quota_stratified_random_null,20260811,20260828,0.312821
fixed_quota_stratified_random_null,20260811,20260829,0.326425
fixed_quota_stratified_random_null,20260811,20260830,0.326425
fixed_quota_stratified_random_null,20260811,20260831,0.312821
fixed_quota_stratified_random_null,20260811,20260832,0.306122
fixed_quota_stratified_random_null,20260811,20260833,0.299492
fixed_quota_stratified_random_null,20260811,20260834,0.306122
fixed_quota_stratified_random_null,20260811,20260835,0.333333
fixed_quota_stratified_random_null,20260811,20260836,0.326425
fixed_quota_stratified_random_null,20260811,20260837,0.273632
fixed_quota_stratified_random_null,20260811,20260838,0.254902
fixed_quota_stratified_random_null,20260811,20260839,0.340314
fixed_quota_stratified_random_null,20260811,20260840,0.333333
fixed_quota_stratified_random_null,20260811,20260841,0.286432
fixed_quota_stratified_random_null,20260811,20260842,0.319588
fixed_quota_stratified_random_null,20260811,20260843,0.376344
fixed_quota_stratified_random_null,20260811,20260844,0.340314
fixed_quota_stratified_random_null,20260811,20260845,0.340314
fixed_quota_stratified_random_null,20260811,20260846,0.368984
fixed_quota_stratified_random_null,20260811,20260847,0.376344
fixed_quota_stratified_random_null,20260811,20260848,0.292929
fixed_quota_stratified_random_null,20260811,20260849,0.306122
fixed_quota_stratified_random_null,20260812,20260813,0.299492
fixed_quota_stratified_random_null,20260812,20260814,0.299492
fixed_quota_stratified_random_null,20260812,20260815,0.333333
fixed_quota_stratified_random_null,20260812,20260816,0.273632
fixed_quota_stratified_random_null,20260812,20260817,0.326425
fixed_quota_stratified_random_null,20260812,20260818,0.354497
fixed_quota_stratified_random_null,20260812,20260819,0.347368
fixed_quota_stratified_random_null,20260812,20260820,0.286432
fixed_quota_stratified_random_null,20260812,20260821,0.312821
fixed_quota_stratified_random_null,20260812,20260822,0.326425
fixed_quota_stratified_random_null,20260812,20260823,0.347368
fixed_quota_stratified_random_null,20260812,20260824,0.299492
fixed_quota_stratified_random_null,20260812,20260825,0.286432
fixed_quota_stratified_random_null,20260812,20260826,0.312821
fixed_quota_stratified_random_null,20260812,20260827,0.292929
fixed_quota_stratified_random_null,20260812,20260828,0.326425
fixed_quota_stratified_random_null,20260812,20260829,0.340314
fixed_quota_stratified_random_null,20260812,20260830,0.286432
fixed_quota_stratified_random_null,20260812,20260831,0.267327
fixed_quota_stratified_random_null,20260812,20260832,0.319588
fixed_quota_stratified_random_null,20260812,20260833,0.267327
fixed_quota_stratified_random_null,20260812,20260834,0.326425
fixed_quota_stratified_random_null,20260812,20260835,0.299492
fixed_quota_stratified_random_null,20260812,20260836,0.299492
fixed_quota_stratified_random_null,20260812,20260837,0.319588
fixed_quota_stratified_random_null,20260812,20260838,0.286432
fixed_quota_stratified_random_null,20260812,20260839,0.299492
fixed_quota_stratified_random_null,20260812,20260840,0.319588
fixed_quota_stratified_random_null,20260812,20260841,0.319588
fixed_quota_stratified_random_null,20260812,20260842,0.319588
fixed_quota_stratified_random_null,20260812,20260843,0.292929
fixed_quota_stratified_random_null,20260812,20260844,0.273632
fixed_quota_stratified_random_null,20260812,20260845,0.333333
fixed_quota_stratified_random_null,20260812,20260846,0.286432
fixed_quota_stratified_random_null,20260812,20260847,0.299492
fixed_quota_stratified_random_null,20260812,20260848,0.333333
fixed_quota_stratified_random_null,20260812,20260849,0.319588
fixed_quota_stratified_random_null,20260813,20260814,0.273632
fixed_quota_stratified_random_null,20260813,20260815,0.267327
fixed_quota_stratified_random_null,20260813,20260816,0.306122
fixed_quota_stratified_random_null,20260813,20260817,0.333333
fixed_quota_stratified_random_null,20260813,20260818,0.267327
fixed_quota_stratified_random_null,20260813,20260819,0.312821
fixed_quota_stratified_random_null,20260813,20260820,0.354497
fixed_quota_stratified_random_null,20260813,20260821,0.340314
fixed_quota_stratified_random_null,20260813,20260822,0.312821
fixed_quota_stratified_random_null,20260813,20260823,0.292929
fixed_quota_stratified_random_null,20260813,20260824,0.28
fixed_quota_stratified_random_null,20260813,20260825,0.347368
fixed_quota_stratified_random_null,20260813,20260826,0.273632
fixed_quota_stratified_random_null,20260813,20260827,0.292929
fixed_quota_stratified_random_null,20260813,20260828,0.347368
fixed_quota_stratified_random_null,20260813,20260829,0.286432
fixed_quota_stratified_random_null,20260813,20260830,0.28
fixed_quota_stratified_random_null,20260813,20260831,0.347368
fixed_quota_stratified_random_null,20260813,20260832,0.286432
fixed_quota_stratified_random_null,20260813,20260833,0.306122
fixed_quota_stratified_random_null,20260813,20260834,0.286432
fixed_quota_stratified_random_null,20260813,20260835,0.299492
fixed_quota_stratified_random_null,20260813,20260836,0.340314
fixed_quota_stratified_random_null,20260813,20260837,0.306122
fixed_quota_stratified_random_null,20260813,20260838,0.306122
fixed_quota_stratified_random_null,20260813,20260839,0.312821
fixed_quota_stratified_random_null,20260813,20260840,0.347368
fixed_quota_stratified_random_null,20260813,20260841,0.347368
fixed_quota_stratified_random_null,20260813,20260842,0.306122
fixed_quota_stratified_random_null,20260813,20260843,0.306122
fixed_quota_stratified_random_null,20260813,20260844,0.333333
fixed_quota_stratified_random_null,20260813,20260845,0.326425
fixed_quota_stratified_random_null,20260813,20260846,0.261084
fixed_quota_stratified_random_null,20260813,20260847,0.326425
fixed_quota_stratified_random_null,20260813,20260848,0.376344
fixed_quota_stratified_random_null,20260813,20260849,0.267327
fixed_quota_stratified_random_null,20260814,20260815,0.319588
fixed_quota_stratified_random_null,20260814,20260816,0.319588
fixed_quota_stratified_random_null,20260814,20260817,0.333333
fixed_quota_stratified_random_null,20260814,20260818,0.292929
fixed_quota_stratified_random_null,20260814,20260819,0.306122
fixed_quota_stratified_random_null,20260814,20260820,0.299492
fixed_quota_stratified_random_null,20260814,20260821,0.299492
fixed_quota_stratified_random_null,20260814,20260822,0.306122
fixed_quota_stratified_random_null,20260814,20260823,0.292929
fixed_quota_stratified_random_null,20260814,20260824,0.361702
fixed_quota_stratified_random_null,20260814,20260825,0.347368
fixed_quota_stratified_random_null,20260814,20260826,0.333333
fixed_quota_stratified_random_null,20260814,20260827,0.286432
fixed_quota_stratified_random_null,20260814,20260828,0.333333
fixed_quota_stratified_random_null,20260814,20260829,0.347368
fixed_quota_stratified_random_null,20260814,20260830,0.273632
fixed_quota_stratified_random_null,20260814,20260831,0.333333
fixed_quota_stratified_random_null,20260814,20260832,0.292929
fixed_quota_stratified_random_null,20260814,20260833,0.286432
fixed_quota_stratified_random_null,20260814,20260834,0.28
fixed_quota_stratified_random_null,20260814,20260835,0.361702
fixed_quota_stratified_random_null,20260814,20260836,0.326425
fixed_quota_stratified_random_null,20260814,20260837,0.312821
fixed_quota_stratified_random_null,20260814,20260838,0.333333
fixed_quota_stratified_random_null,20260814,20260839,0.326425
fixed_quota_stratified_random_null,20260814,20260840,0.306122
fixed_quota_stratified_random_null,20260814,20260841,0.354497
fixed_quota_stratified_random_null,20260814,20260842,0.368984
fixed_quota_stratified_random_null,20260814,20260843,0.261084
fixed_quota_stratified_random_null,20260814,20260844,0.286432
fixed_quota_stratified_random_null,20260814,20260845,0.312821
fixed_quota_stratified_random_null,20260814,20260846,0.326425
fixed_quota_stratified_random_null,20260814,20260847,0.326425
fixed_quota_stratified_random_null,20260814,20260848,0.319588
fixed_quota_stratified_random_null,20260814,20260849,0.340314
fixed_quota_stratified_random_null,20260815,20260816,0.292929
fixed_quota_stratified_random_null,20260815,20260817,0.368984
fixed_quota_stratified_random_null,20260815,20260818,0.267327
fixed_quota_stratified_random_null,20260815,20260819,0.286432
fixed_quota_stratified_random_null,20260815,20260820,0.28
fixed_quota_stratified_random_null,20260815,20260821,0.292929
fixed_quota_stratified_random_null,20260815,20260822,0.286432
fixed_quota_stratified_random_null,20260815,20260823,0.292929
fixed_quota_stratified_random_null,20260815,20260824,0.299492
fixed_quota_stratified_random_null,20260815,20260825,0.306122
fixed_quota_stratified_random_null,20260815,20260826,0.319588
fixed_quota_stratified_random_null,20260815,20260827,0.312821
fixed_quota_stratified_random_null,20260815,20260828,0.326425
fixed_quota_stratified_random_null,20260815,20260829,0.319588
fixed_quota_stratified_random_null,20260815,20260830,0.326425
fixed_quota_stratified_random_null,20260815,20260831,0.273632
fixed_quota_stratified_random_null,20260815,20260832,0.306122
fixed_quota_stratified_random_null,20260815,20260833,0.286432
fixed_quota_stratified_random_null,20260815,20260834,0.319588
fixed_quota_stratified_random_null,20260815,20260835,0.368984
fixed_quota_stratified_random_null,20260815,20260836,0.299492
fixed_quota_stratified_random_null,20260815,20260837,0.326425
fixed_quota_stratified_random_null,20260815,20260838,0.326425
fixed_quota_stratified_random_null,20260815,20260839,0.347368
fixed_quota_stratified_random_null,20260815,20260840,0.326425
fixed_quota_stratified_random_null,20260815,20260841,0.383784
fixed_quota_stratified_random_null,20260815,20260842,0.306122
fixed_quota_stratified_random_null,20260815,20260843,0.267327
fixed_quota_stratified_random_null,20260815,20260844,0.306122
fixed_quota_stratified_random_null,20260815,20260845,0.306122
fixed_quota_stratified_random_null,20260815,20260846,0.267327
fixed_quota_stratified_random_null,20260815,20260847,0.347368
fixed_quota_stratified_random_null,20260815,20260848,0.326425
fixed_quota_stratified_random_null,20260815,20260849,0.319588
fixed_quota_stratified_random_null,20260816,20260817,0.273632
fixed_quota_stratified_random_null,20260816,20260818,0.299492
fixed_quota_stratified_random_null,20260816,20260819,0.236715
fixed_quota_stratified_random_null,20260816,20260820,0.333333
fixed_quota_stratified_random_null,20260816,20260821,0.333333
fixed_quota_stratified_random_null,20260816,20260822,0.340314
fixed_quota_stratified_random_null,20260816,20260823,0.326425
fixed_quota_stratified_random_null,20260816,20260824,0.319588
fixed_quota_stratified_random_null,20260816,20260825,0.306122
fixed_quota_stratified_random_null,20260816,20260826,0.347368
fixed_quota_stratified_random_null,20260816,20260827,0.306122
fixed_quota_stratified_random_null,20260816,20260828,0.340314
fixed_quota_stratified_random_null,20260816,20260829,0.286432
fixed_quota_stratified_random_null,20260816,20260830,0.319588
fixed_quota_stratified_random_null,20260816,20260831,0.306122
fixed_quota_stratified_random_null,20260816,20260832,0.254902
fixed_quota_stratified_random_null,20260816,20260833,0.299492
fixed_quota_stratified_random_null,20260816,20260834,0.28
fixed_quota_stratified_random_null,20260816,20260835,0.326425
fixed_quota_stratified_random_null,20260816,20260836,0.312821
fixed_quota_stratified_random_null,20260816,20260837,0.312821
fixed_quota_stratified_random_null,20260816,20260838,0.340314
fixed_quota_stratified_random_null,20260816,20260839,0.333333
fixed_quota_stratified_random_null,20260816,20260840,0.261084
fixed_quota_stratified_random_null,20260816,20260841,0.306122
fixed_quota_stratified_random_null,20260816,20260842,0.319588
fixed_quota_stratified_random_null,20260816,20260843,0.299492
fixed_quota_stratified_random_null,20260816,20260844,0.354497
fixed_quota_stratified_random_null,20260816,20260845,0.292929
fixed_quota_stratified_random_null,20260816,20260846,0.312821
fixed_quota_stratified_random_null,20260816,20260847,0.319588
fixed_quota_stratified_random_null,20260816,20260848,0.326425
fixed_quota_stratified_random_null,20260816,20260849,0.354497
fixed_quota_stratified_random_null,20260817,20260818,0.299492
fixed_quota_stratified_random_null,20260817,20260819,0.340314
fixed_quota_stratified_random_null,20260817,20260820,0.312821
fixed_quota_stratified_random_null,20260817,20260821,0.333333
fixed_quota_stratified_random_null,20260817,20260822,0.347368
fixed_quota_stratified_random_null,20260817,20260823,0.292929
fixed_quota_stratified_random_null,20260817,20260824,0.312821
fixed_quota_stratified_random_null,20260817,20260825,0.333333
fixed_quota_stratified_random_null,20260817,20260826,0.306122
fixed_quota_stratified_random_null,20260817,20260827,0.292929
fixed_quota_stratified_random_null,20260817,20260828,0.347368
fixed_quota_stratified_random_null,20260817,20260829,0.354497
fixed_quota_stratified_random_null,20260817,20260830,0.267327
fixed_quota_stratified_random_null,20260817,20260831,0.292929
fixed_quota_stratified_random_null,20260817,20260832,0.306122
fixed_quota_stratified_random_null,20260817,20260833,0.312821
fixed_quota_stratified_random_null,20260817,20260834,0.312821
fixed_quota_stratified_random_null,20260817,20260835,0.333333
fixed_quota_stratified_random_null,20260817,20260836,0.292929
fixed_quota_stratified_random_null,20260817,20260837,0.306122
fixed_quota_stratified_random_null,20260817,20260838,0.299492
fixed_quota_stratified_random_null,20260817,20260839,0.306122
fixed_quota_stratified_random_null,20260817,20260840,0.306122
fixed_quota_stratified_random_null,20260817,20260841,0.306122
fixed_quota_stratified_random_null,20260817,20260842,0.306122
fixed_quota_stratified_random_null,20260817,20260843,0.24878
fixed_quota_stratified_random_null,20260817,20260844,0.292929
fixed_quota_stratified_random_null,20260817,20260845,0.306122
fixed_quota_stratified_random_null,20260817,20260846,0.28
fixed_quota_stratified_random_null,20260817,20260847,0.340314
fixed_quota_stratified_random_null,20260817,20260848,0.299492
fixed_quota_stratified_random_null,20260817,20260849,0.306122
fixed_quota_stratified_random_null,20260818,20260819,0.306122
fixed_quota_stratified_random_null,20260818,20260820,0.312821
fixed_quota_stratified_random_null,20260818,20260821,0.292929
fixed_quota_stratified_random_null,20260818,20260822,0.391304
fixed_quota_stratified_random_null,20260818,20260823,0.312821
fixed_quota_stratified_random_null,20260818,20260824,0.319588
fixed_quota_stratified_random_null,20260818,20260825,0.292929
fixed_quota_stratified_random_null,20260818,20260826,0.347368
fixed_quota_stratified_random_null,20260818,20260827,0.306122
fixed_quota_stratified_random_null,20260818,20260828,0.261084
fixed_quota_stratified_random_null,20260818,20260829,0.319588
fixed_quota_stratified_random_null,20260818,20260830,0.306122
fixed_quota_stratified_random_null,20260818,20260831,0.326425
fixed_quota_stratified_random_null,20260818,20260832,0.368984
fixed_quota_stratified_random_null,20260818,20260833,0.326425
fixed_quota_stratified_random_null,20260818,20260834,0.340314
fixed_quota_stratified_random_null,20260818,20260835,0.292929
fixed_quota_stratified_random_null,20260818,20260836,0.306122
fixed_quota_stratified_random_null,20260818,20260837,0.333333
fixed_quota_stratified_random_null,20260818,20260838,0.267327
fixed_quota_stratified_random_null,20260818,20260839,0.333333
fixed_quota_stratified_random_null,20260818,20260840,0.319588
fixed_quota_stratified_random_null,20260818,20260841,0.319588
fixed_quota_stratified_random_null,20260818,20260842,0.306122
fixed_quota_stratified_random_null,20260818,20260843,0.319588
fixed_quota_stratified_random_null,20260818,20260844,0.286432
fixed_quota_stratified_random_null,20260818,20260845,0.299492
fixed_quota_stratified_random_null,20260818,20260846,0.340314
fixed_quota_stratified_random_null,20260818,20260847,0.340314
fixed_quota_stratified_random_null,20260818,20260848,0.292929
fixed_quota_stratified_random_null,20260818,20260849,0.306122
fixed_quota_stratified_random_null,20260819,20260820,0.267327
fixed_quota_stratified_random_null,20260819,20260821,0.286432
fixed_quota_stratified_random_null,20260819,20260822,0.333333
fixed_quota_stratified_random_null,20260819,20260823,0.319588
fixed_quota_stratified_random_null,20260819,20260824,0.312821
fixed_quota_stratified_random_null,20260819,20260825,0.319588
fixed_quota_stratified_random_null,20260819,20260826,0.361702
fixed_quota_stratified_random_null,20260819,20260827,0.326425
fixed_quota_stratified_random_null,20260819,20260828,0.306122
fixed_quota_stratified_random_null,20260819,20260829,0.354497
fixed_quota_stratified_random_null,20260819,20260830,0.306122
fixed_quota_stratified_random_null,20260819,20260831,0.242718
fixed_quota_stratified_random_null,20260819,20260832,0.261084
fixed_quota_stratified_random_null,20260819,20260833,0.299492
fixed_quota_stratified_random_null,20260819,20260834,0.319588
fixed_quota_stratified_random_null,20260819,20260835,0.333333
fixed_quota_stratified_random_null,20260819,20260836,0.299492
fixed_quota_stratified_random_null,20260819,20260837,0.28
fixed_quota_stratified_random_null,20260819,20260838,0.312821
fixed_quota_stratified_random_null,20260819,20260839,0.340314
fixed_quota_stratified_random_null,20260819,20260840,0.398907
fixed_quota_stratified_random_null,20260819,20260841,0.306122
fixed_quota_stratified_random_null,20260819,20260842,0.340314
fixed_quota_stratified_random_null,20260819,20260843,0.326425
fixed_quota_stratified_random_null,20260819,20260844,0.292929
fixed_quota_stratified_random_null,20260819,20260845,0.312821
fixed_quota_stratified_random_null,20260819,20260846,0.326425
fixed_quota_stratified_random_null,20260819,20260847,0.312821
fixed_quota_stratified_random_null,20260819,20260848,0.333333
fixed_quota_stratified_random_null,20260819,20260849,0.286432
fixed_quota_stratified_random_null,20260820,20260821,0.326425
fixed_quota_stratified_random_null,20260820,20260822,0.306122
fixed_quota_stratified_random_null,20260820,20260823,0.306122
fixed_quota_stratified_random_null,20260820,20260824,0.326425
fixed_quota_stratified_random_null,20260820,20260825,0.299492
fixed_quota_stratified_random_null,20260820,20260826,0.319588
fixed_quota_stratified_random_null,20260820,20260827,0.319588
fixed_quota_stratified_random_null,20260820,20260828,0.286432
fixed_quota_stratified_random_null,20260820,20260829,0.306122
fixed_quota_stratified_random_null,20260820,20260830,0.347368
fixed_quota_stratified_random_null,20260820,20260831,0.326425
fixed_quota_stratified_random_null,20260820,20260832,0.319588
fixed_quota_stratified_random_null,20260820,20260833,0.299492
fixed_quota_stratified_random_null,20260820,20260834,0.340314
fixed_quota_stratified_random_null,20260820,20260835,0.333333
fixed_quota_stratified_random_null,20260820,20260836,0.299492
fixed_quota_stratified_random_null,20260820,20260837,0.286432
fixed_quota_stratified_random_null,20260820,20260838,0.292929
fixed_quota_stratified_random_null,20260820,20260839,0.306122
fixed_quota_stratified_random_null,20260820,20260840,0.28
fixed_quota_stratified_random_null,20260820,20260841,0.340314
fixed_quota_stratified_random_null,20260820,20260842,0.292929
fixed_quota_stratified_random_null,20260820,20260843,0.376344
fixed_quota_stratified_random_null,20260820,20260844,0.292929
fixed_quota_stratified_random_null,20260820,20260845,0.326425
fixed_quota_stratified_random_null,20260820,20260846,0.312821
fixed_quota_stratified_random_null,20260820,20260847,0.333333
fixed_quota_stratified_random_null,20260820,20260848,0.306122
fixed_quota_stratified_random_null,20260820,20260849,0.312821
fixed_quota_stratified_random_null,20260821,20260822,0.286432
fixed_quota_stratified_random_null,20260821,20260823,0.354497
fixed_quota_stratified_random_null,20260821,20260824,0.354497
fixed_quota_stratified_random_null,20260821,20260825,0.326425
fixed_quota_stratified_random_null,20260821,20260826,0.28
fixed_quota_stratified_random_null,20260821,20260827,0.306122
fixed_quota_stratified_random_null,20260821,20260828,0.383784
fixed_quota_stratified_random_null,20260821,20260829,0.340314
fixed_quota_stratified_random_null,20260821,20260830,0.306122
fixed_quota_stratified_random_null,20260821,20260831,0.306122
fixed_quota_stratified_random_null,20260821,20260832,0.261084
fixed_quota_stratified_random_null,20260821,20260833,0.319588
fixed_quota_stratified_random_null,20260821,20260834,0.306122
fixed_quota_stratified_random_null,20260821,20260835,0.319588
fixed_quota_stratified_random_null,20260821,20260836,0.333333
fixed_quota_stratified_random_null,20260821,20260837,0.299492
fixed_quota_stratified_random_null,20260821,20260838,0.292929
fixed_quota_stratified_random_null,20260821,20260839,0.286432
fixed_quota_stratified_random_null,20260821,20260840,0.319588
fixed_quota_stratified_random_null,20260821,20260841,0.306122
fixed_quota_stratified_random_null,20260821,20260842,0.333333
fixed_quota_stratified_random_null,20260821,20260843,0.267327
fixed_quota_stratified_random_null,20260821,20260844,0.326425
fixed_quota_stratified_random_null,20260821,20260845,0.333333
fixed_quota_stratified_random_null,20260821,20260846,0.312821
fixed_quota_stratified_random_null,20260821,20260847,0.286432
fixed_quota_stratified_random_null,20260821,20260848,0.333333
fixed_quota_stratified_random_null,20260821,20260849,0.299492
fixed_quota_stratified_random_null,20260822,20260823,0.273632
fixed_quota_stratified_random_null,20260822,20260824,0.333333
fixed_quota_stratified_random_null,20260822,20260825,0.312821
fixed_quota_stratified_random_null,20260822,20260826,0.326425
fixed_quota_stratified_random_null,20260822,20260827,0.340314
fixed_quota_stratified_random_null,20260822,20260828,0.254902
fixed_quota_stratified_random_null,20260822,20260829,0.273632
fixed_quota_stratified_random_null,20260822,20260830,0.299492
fixed_quota_stratified_random_null,20260822,20260831,0.286432
fixed_quota_stratified_random_null,20260822,20260832,0.361702
fixed_quota_stratified_random_null,20260822,20260833,0.267327
fixed_quota_stratified_random_null,20260822,20260834,0.326425
fixed_quota_stratified_random_null,20260822,20260835,0.333333
fixed_quota_stratified_random_null,20260822,20260836,0.326425
fixed_quota_stratified_random_null,20260822,20260837,0.333333
fixed_quota_stratified_random_null,20260822,20260838,0.306122
fixed_quota_stratified_random_null,20260822,20260839,0.347368
fixed_quota_stratified_random_null,20260822,20260840,0.319588
fixed_quota_stratified_random_null,20260822,20260841,0.326425
fixed_quota_stratified_random_null,20260822,20260842,0.347368
fixed_quota_stratified_random_null,20260822,20260843,0.340314
fixed_quota_stratified_random_null,20260822,20260844,0.292929
fixed_quota_stratified_random_null,20260822,20260845,0.312821
fixed_quota_stratified_random_null,20260822,20260846,0.333333
fixed_quota_stratified_random_null,20260822,20260847,0.306122
fixed_quota_stratified_random_null,20260822,20260848,0.319588
fixed_quota_stratified_random_null,20260822,20260849,0.354497
fixed_quota_stratified_random_null,20260823,20260824,0.340314
fixed_quota_stratified_random_null,20260823,20260825,0.292929
fixed_quota_stratified_random_null,20260823,20260826,0.319588
fixed_quota_stratified_random_null,20260823,20260827,0.292929
fixed_quota_stratified_random_null,20260823,20260828,0.312821
fixed_quota_stratified_random_null,20260823,20260829,0.299492
fixed_quota_stratified_random_null,20260823,20260830,0.326425
fixed_quota_stratified_random_null,20260823,20260831,0.326425
fixed_quota_stratified_random_null,20260823,20260832,0.312821
fixed_quota_stratified_random_null,20260823,20260833,0.306122
fixed_quota_stratified_random_null,20260823,20260834,0.273632
fixed_quota_stratified_random_null,20260823,20260835,0.319588
fixed_quota_stratified_random_null,20260823,20260836,0.292929
fixed_quota_stratified_random_null,20260823,20260837,0.267327
fixed_quota_stratified_random_null,20260823,20260838,0.312821
fixed_quota_stratified_random_null,20260823,20260839,0.28
fixed_quota_stratified_random_null,20260823,20260840,0.319588
fixed_quota_stratified_random_null,20260823,20260841,0.299492
fixed_quota_stratified_random_null,20260823,20260842,0.340314
fixed_quota_stratified_random_null,20260823,20260843,0.319588
fixed_quota_stratified_random_null,20260823,20260844,0.273632
fixed_quota_stratified_random_null,20260823,20260845,0.326425
fixed_quota_stratified_random_null,20260823,20260846,0.333333
fixed_quota_stratified_random_null,20260823,20260847,0.312821
fixed_quota_stratified_random_null,20260823,20260848,0.299492
fixed_quota_stratified_random_null,20260823,20260849,0.273632
fixed_quota_stratified_random_null,20260824,20260825,0.319588
fixed_quota_stratified_random_null,20260824,20260826,0.326425
fixed_quota_stratified_random_null,20260824,20260827,0.306122
fixed_quota_stratified_random_null,20260824,20260828,0.286432
fixed_quota_stratified_random_null,20260824,20260829,0.326425
fixed_quota_stratified_random_null,20260824,20260830,0.340314
fixed_quota_stratified_random_null,20260824,20260831,0.347368
fixed_quota_stratified_random_null,20260824,20260832,0.299492
fixed_quota_stratified_random_null,20260824,20260833,0.267327
fixed_quota_stratified_random_null,20260824,20260834,0.326425
fixed_quota_stratified_random_null,20260824,20260835,0.306122
fixed_quota_stratified_random_null,20260824,20260836,0.340314
fixed_quota_stratified_random_null,20260824,20260837,0.340314
fixed_quota_stratified_random_null,20260824,20260838,0.319588
fixed_quota_stratified_random_null,20260824,20260839,0.312821
fixed_quota_stratified_random_null,20260824,20260840,0.354497
fixed_quota_stratified_random_null,20260824,20260841,0.286432
fixed_quota_stratified_random_null,20260824,20260842,0.326425
fixed_quota_stratified_random_null,20260824,20260843,0.312821
fixed_quota_stratified_random_null,20260824,20260844,0.354497
fixed_quota_stratified_random_null,20260824,20260845,0.354497
fixed_quota_stratified_random_null,20260824,20260846,0.340314
fixed_quota_stratified_random_null,20260824,20260847,0.261084
fixed_quota_stratified_random_null,20260824,20260848,0.286432
fixed_quota_stratified_random_null,20260824,20260849,0.319588
fixed_quota_stratified_random_null,20260825,20260826,0.340314
fixed_quota_stratified_random_null,20260825,20260827,0.326425
fixed_quota_stratified_random_null,20260825,20260828,0.286432
fixed_quota_stratified_random_null,20260825,20260829,0.361702
fixed_quota_stratified_random_null,20260825,20260830,0.326425
fixed_quota_stratified_random_null,20260825,20260831,0.292929
fixed_quota_stratified_random_null,20260825,20260832,0.326425
fixed_quota_stratified_random_null,20260825,20260833,0.326425
fixed_quota_stratified_random_null,20260825,20260834,0.319588
fixed_quota_stratified_random_null,20260825,20260835,0.326425
fixed_quota_stratified_random_null,20260825,20260836,0.267327
fixed_quota_stratified_random_null,20260825,20260837,0.354497
fixed_quota_stratified_random_null,20260825,20260838,0.299492
fixed_quota_stratified_random_null,20260825,20260839,0.28
fixed_quota_stratified_random_null,20260825,20260840,0.28
fixed_quota_stratified_random_null,20260825,20260841,0.286432
fixed_quota_stratified_random_null,20260825,20260842,0.340314
fixed_quota_stratified_random_null,20260825,20260843,0.333333
fixed_quota_stratified_random_null,20260825,20260844,0.326425
fixed_quota_stratified_random_null,20260825,20260845,0.319588
fixed_quota_stratified_random_null,20260825,20260846,0.319588
fixed_quota_stratified_random_null,20260825,20260847,0.292929
fixed_quota_stratified_random_null,20260825,20260848,0.299492
fixed_quota_stratified_random_null,20260825,20260849,0.299492
fixed_quota_stratified_random_null,20260826,20260827,0.333333
fixed_quota_stratified_random_null,20260826,20260828,0.261084
fixed_quota_stratified_random_null,20260826,20260829,0.333333
fixed_quota_stratified_random_null,20260826,20260830,0.306122
fixed_quota_stratified_random_null,20260826,20260831,0.299492
fixed_quota_stratified_random_null,20260826,20260832,0.326425
fixed_quota_stratified_random_null,20260826,20260833,0.28
fixed_quota_stratified_random_null,20260826,20260834,0.326425
fixed_quota_stratified_random_null,20260826,20260835,0.326425
fixed_quota_stratified_random_null,20260826,20260836,0.261084
fixed_quota_stratified_random_null,20260826,20260837,0.340314
fixed_quota_stratified_random_null,20260826,20260838,0.319588
fixed_quota_stratified_random_null,20260826,20260839,0.306122
fixed_quota_stratified_random_null,20260826,20260840,0.340314
fixed_quota_stratified_random_null,20260826,20260841,0.306122
fixed_quota_stratified_random_null,20260826,20260842,0.333333
fixed_quota_stratified_random_null,20260826,20260843,0.306122
fixed_quota_stratified_random_null,20260826,20260844,0.340314
fixed_quota_stratified_random_null,20260826,20260845,0.299492
fixed_quota_stratified_random_null,20260826,20260846,0.368984
fixed_quota_stratified_random_null,20260826,20260847,0.292929
fixed_quota_stratified_random_null,20260826,20260848,0.306122
fixed_quota_stratified_random_null,20260826,20260849,0.292929
fixed_quota_stratified_random_null,20260827,20260828,0.319588
fixed_quota_stratified_random_null,20260827,20260829,0.319588
fixed_quota_stratified_random_null,20260827,20260830,0.319588
fixed_quota_stratified_random_null,20260827,20260831,0.312821
fixed_quota_stratified_random_null,20260827,20260832,0.326425
fixed_quota_stratified_random_null,20260827,20260833,0.28
fixed_quota_stratified_random_null,20260827,20260834,0.306122
fixed_quota_stratified_random_null,20260827,20260835,0.340314
fixed_quota_stratified_random_null,20260827,20260836,0.306122
fixed_quota_stratified_random_null,20260827,20260837,0.306122
fixed_quota_stratified_random_null,20260827,20260838,0.299492
fixed_quota_stratified_random_null,20260827,20260839,0.333333
fixed_quota_stratified_random_null,20260827,20260840,0.292929
fixed_quota_stratified_random_null,20260827,20260841,0.333333
fixed_quota_stratified_random_null,20260827,20260842,0.361702
fixed_quota_stratified_random_null,20260827,20260843,0.326425
fixed_quota_stratified_random_null,20260827,20260844,0.292929
fixed_quota_stratified_random_null,20260827,20260845,0.286432
fixed_quota_stratified_random_null,20260827,20260846,0.319588
fixed_quota_stratified_random_null,20260827,20260847,0.333333
fixed_quota_stratified_random_null,20260827,20260848,0.354497
fixed_quota_stratified_random_null,20260827,20260849,0.326425
fixed_quota_stratified_random_null,20260828,20260829,0.299492
fixed_quota_stratified_random_null,20260828,20260830,0.312821
fixed_quota_stratified_random_null,20260828,20260831,0.333333
fixed_quota_stratified_random_null,20260828,20260832,0.312821
fixed_quota_stratified_random_null,20260828,20260833,0.292929
fixed_quota_stratified_random_null,20260828,20260834,0.326425
fixed_quota_stratified_random_null,20260828,20260835,0.361702
fixed_quota_stratified_random_null,20260828,20260836,0.319588
fixed_quota_stratified_random_null,20260828,20260837,0.306122
fixed_quota_stratified_random_null,20260828,20260838,0.376344
fixed_quota_stratified_random_null,20260828,20260839,0.319588
fixed_quota_stratified_random_null,20260828,20260840,0.292929
fixed_quota_stratified_random_null,20260828,20260841,0.347368
fixed_quota_stratified_random_null,20260828,20260842,0.326425
fixed_quota_stratified_random_null,20260828,20260843,0.267327
fixed_quota_stratified_random_null,20260828,20260844,0.326425
fixed_quota_stratified_random_null,20260828,20260845,0.319588
fixed_quota_stratified_random_null,20260828,20260846,0.306122
fixed_quota_stratified_random_null,20260828,20260847,0.347368
fixed_quota_stratified_random_null,20260828,20260848,0.354497
fixed_quota_stratified_random_null,20260828,20260849,0.326425
fixed_quota_stratified_random_null,20260829,20260830,0.340314
fixed_quota_stratified_random_null,20260829,20260831,0.28
fixed_quota_stratified_random_null,20260829,20260832,0.333333
fixed_quota_stratified_random_null,20260829,20260833,0.333333
fixed_quota_stratified_random_null,20260829,20260834,0.333333
fixed_quota_stratified_random_null,20260829,20260835,0.312821
fixed_quota_stratified_random_null,20260829,20260836,0.299492
fixed_quota_stratified_random_null,20260829,20260837,0.286432
fixed_quota_stratified_random_null,20260829,20260838,0.299492
fixed_quota_stratified_random_null,20260829,20260839,0.28
fixed_quota_stratified_random_null,20260829,20260840,0.340314
fixed_quota_stratified_random_null,20260829,20260841,0.273632
fixed_quota_stratified_random_null,20260829,20260842,0.354497
fixed_quota_stratified_random_null,20260829,20260843,0.354497
fixed_quota_stratified_random_null,20260829,20260844,0.273632
fixed_quota_stratified_random_null,20260829,20260845,0.299492
fixed_quota_stratified_random_null,20260829,20260846,0.28
fixed_quota_stratified_random_null,20260829,20260847,0.286432
fixed_quota_stratified_random_null,20260829,20260848,0.340314
fixed_quota_stratified_random_null,20260829,20260849,0.273632
fixed_quota_stratified_random_null,20260830,20260831,0.368984
fixed_quota_stratified_random_null,20260830,20260832,0.273632
fixed_quota_stratified_random_null,20260830,20260833,0.306122
fixed_quota_stratified_random_null,20260830,20260834,0.347368
fixed_quota_stratified_random_null,20260830,20260835,0.333333
fixed_quota_stratified_random_null,20260830,20260836,0.319588
fixed_quota_stratified_random_null,20260830,20260837,0.319588
fixed_quota_stratified_random_null,20260830,20260838,0.333333
fixed_quota_stratified_random_null,20260830,20260839,0.376344
fixed_quota_stratified_random_null,20260830,20260840,0.286432
fixed_quota_stratified_random_null,20260830,20260841,0.299492
fixed_quota_stratified_random_null,20260830,20260842,0.319588
fixed_quota_stratified_random_null,20260830,20260843,0.340314
fixed_quota_stratified_random_null,20260830,20260844,0.326425
fixed_quota_stratified_random_null,20260830,20260845,0.347368
fixed_quota_stratified_random_null,20260830,20260846,0.312821
fixed_quota_stratified_random_null,20260830,20260847,0.333333
fixed_quota_stratified_random_null,20260830,20260848,0.326425
fixed_quota_stratified_random_null,20260830,20260849,0.383784
fixed_quota_stratified_random_null,20260831,20260832,0.333333
fixed_quota_stratified_random_null,20260831,20260833,0.299492
fixed_quota_stratified_random_null,20260831,20260834,0.333333
fixed_quota_stratified_random_null,20260831,20260835,0.312821
fixed_quota_stratified_random_null,20260831,20260836,0.340314
fixed_quota_stratified_random_null,20260831,20260837,0.306122
fixed_quota_stratified_random_null,20260831,20260838,0.340314
fixed_quota_stratified_random_null,20260831,20260839,0.28
fixed_quota_stratified_random_null,20260831,20260840,0.299492
fixed_quota_stratified_random_null,20260831,20260841,0.306122
fixed_quota_stratified_random_null,20260831,20260842,0.306122
fixed_quota_stratified_random_null,20260831,20260843,0.306122
fixed_quota_stratified_random_null,20260831,20260844,0.340314
fixed_quota_stratified_random_null,20260831,20260845,0.28
fixed_quota_stratified_random_null,20260831,20260846,0.273632
fixed_quota_stratified_random_null,20260831,20260847,0.326425
fixed_quota_stratified_random_null,20260831,20260848,0.306122
fixed_quota_stratified_random_null,20260831,20260849,0.368984
fixed_quota_stratified_random_null,20260832,20260833,0.383784
fixed_quota_stratified_random_null,20260832,20260834,0.273632
fixed_quota_stratified_random_null,20260832,20260835,0.286432
fixed_quota_stratified_random_null,20260832,20260836,0.312821
fixed_quota_stratified_random_null,20260832,20260837,0.319588
fixed_quota_stratified_random_null,20260832,20260838,0.299492
fixed_quota_stratified_random_null,20260832,20260839,0.319588
fixed_quota_stratified_random_null,20260832,20260840,0.286432
fixed_quota_stratified_random_null,20260832,20260841,0.312821
fixed_quota_stratified_random_null,20260832,20260842,0.306122
fixed_quota_stratified_random_null,20260832,20260843,0.347368
fixed_quota_stratified_random_null,20260832,20260844,0.333333
fixed_quota_stratified_random_null,20260832,20260845,0.333333
fixed_quota_stratified_random_null,20260832,20260846,0.273632
fixed_quota_stratified_random_null,20260832,20260847,0.319588
fixed_quota_stratified_random_null,20260832,20260848,0.326425
fixed_quota_stratified_random_null,20260832,20260849,0.319588
fixed_quota_stratified_random_null,20260833,20260834,0.28
fixed_quota_stratified_random_null,20260833,20260835,0.261084
fixed_quota_stratified_random_null,20260833,20260836,0.286432
fixed_quota_stratified_random_null,20260833,20260837,0.312821
fixed_quota_stratified_random_null,20260833,20260838,0.312821
fixed_quota_stratified_random_null,20260833,20260839,0.286432
fixed_quota_stratified_random_null,20260833,20260840,0.361702
fixed_quota_stratified_random_null,20260833,20260841,0.299492
fixed_quota_stratified_random_null,20260833,20260842,0.312821
fixed_quota_stratified_random_null,20260833,20260843,0.333333
fixed_quota_stratified_random_null,20260833,20260844,0.267327
fixed_quota_stratified_random_null,20260833,20260845,0.312821
fixed_quota_stratified_random_null,20260833,20260846,0.267327
fixed_quota_stratified_random_null,20260833,20260847,0.354497
fixed_quota_stratified_random_null,20260833,20260848,0.292929
fixed_quota_stratified_random_null,20260833,20260849,0.242718
fixed_quota_stratified_random_null,20260834,20260835,0.319588
fixed_quota_stratified_random_null,20260834,20260836,0.306122
fixed_quota_stratified_random_null,20260834,20260837,0.383784
fixed_quota_stratified_random_null,20260834,20260838,0.319588
fixed_quota_stratified_random_null,20260834,20260839,0.312821
fixed_quota_stratified_random_null,20260834,20260840,0.347368
fixed_quota_stratified_random_null,20260834,20260841,0.299492
fixed_quota_stratified_random_null,20260834,20260842,0.354497
fixed_quota_stratified_random_null,20260834,20260843,0.333333
fixed_quota_stratified_random_null,20260834,20260844,0.273632
fixed_quota_stratified_random_null,20260834,20260845,0.354497
fixed_quota_stratified_random_null,20260834,20260846,0.340314
fixed_quota_stratified_random_null,20260834,20260847,0.326425
fixed_quota_stratified_random_null,20260834,20260848,0.299492
fixed_quota_stratified_random_null,20260834,20260849,0.306122
fixed_quota_stratified_random_null,20260835,20260836,0.286432
fixed_quota_stratified_random_null,20260835,20260837,0.312821
fixed_quota_stratified_random_null,20260835,20260838,0.361702
fixed_quota_stratified_random_null,20260835,20260839,0.340314
fixed_quota_stratified_random_null,20260835,20260840,0.312821
fixed_quota_stratified_random_null,20260835,20260841,0.361702
fixed_quota_stratified_random_null,20260835,20260842,0.306122
fixed_quota_stratified_random_null,20260835,20260843,0.254902
fixed_quota_stratified_random_null,20260835,20260844,0.347368
fixed_quota_stratified_random_null,20260835,20260845,0.292929
fixed_quota_stratified_random_null,20260835,20260846,0.306122
fixed_quota_stratified_random_null,20260835,20260847,0.292929
fixed_quota_stratified_random_null,20260835,20260848,0.319588
fixed_quota_stratified_random_null,20260835,20260849,0.319588
fixed_quota_stratified_random_null,20260836,20260837,0.319588
fixed_quota_stratified_random_null,20260836,20260838,0.306122
fixed_quota_stratified_random_null,20260836,20260839,0.326425
fixed_quota_stratified_random_null,20260836,20260840,0.312821
fixed_quota_stratified_random_null,20260836,20260841,0.286432
fixed_quota_stratified_random_null,20260836,20260842,0.273632
fixed_quota_stratified_random_null,20260836,20260843,0.28
fixed_quota_stratified_random_null,20260836,20260844,0.333333
fixed_quota_stratified_random_null,20260836,20260845,0.286432
fixed_quota_stratified_random_null,20260836,20260846,0.326425
fixed_quota_stratified_random_null,20260836,20260847,0.333333
fixed_quota_stratified_random_null,20260836,20260848,0.306122
fixed_quota_stratified_random_null,20260836,20260849,0.391304
fixed_quota_stratified_random_null,20260837,20260838,0.333333
fixed_quota_stratified_random_null,20260837,20260839,0.326425
fixed_quota_stratified_random_null,20260837,20260840,0.347368
fixed_quota_stratified_random_null,20260837,20260841,0.319588
fixed_quota_stratified_random_null,20260837,20260842,0.326425
fixed_quota_stratified_random_null,20260837,20260843,0.312821
fixed_quota_stratified_random_null,20260837,20260844,0.340314
fixed_quota_stratified_random_null,20260837,20260845,0.273632
fixed_quota_stratified_random_null,20260837,20260846,0.368984
fixed_quota_stratified_random_null,20260837,20260847,0.368984
fixed_quota_stratified_random_null,20260837,20260848,0.319588
fixed_quota_stratified_random_null,20260837,20260849,0.299492
fixed_quota_stratified_random_null,20260838,20260839,0.242718
fixed_quota_stratified_random_null,20260838,20260840,0.306122
fixed_quota_stratified_random_null,20260838,20260841,0.286432
fixed_quota_stratified_random_null,20260838,20260842,0.312821
fixed_quota_stratified_random_null,20260838,20260843,0.319588
fixed_quota_stratified_random_null,20260838,20260844,0.299492
fixed_quota_stratified_random_null,20260838,20260845,0.28
fixed_quota_stratified_random_null,20260838,20260846,0.273632
fixed_quota_stratified_random_null,20260838,20260847,0.361702
fixed_quota_stratified_random_null,20260838,20260848,0.326425
fixed_quota_stratified_random_null,20260838,20260849,0.333333
fixed_quota_stratified_random_null,20260839,20260840,0.286432
fixed_quota_stratified_random_null,20260839,20260841,0.347368
fixed_quota_stratified_random_null,20260839,20260842,0.347368
fixed_quota_stratified_random_null,20260839,20260843,0.312821
fixed_quota_stratified_random_null,20260839,20260844,0.312821
fixed_quota_stratified_random_null,20260839,20260845,0.383784
fixed_quota_stratified_random_null,20260839,20260846,0.354497
fixed_quota_stratified_random_null,20260839,20260847,0.354497
fixed_quota_stratified_random_null,20260839,20260848,0.333333
fixed_quota_stratified_random_null,20260839,20260849,0.299492
fixed_quota_stratified_random_null,20260840,20260841,0.299492
fixed_quota_stratified_random_null,20260840,20260842,0.340314
fixed_quota_stratified_random_null,20260840,20260843,0.286432
fixed_quota_stratified_random_null,20260840,20260844,0.292929
fixed_quota_stratified_random_null,20260840,20260845,0.347368
fixed_quota_stratified_random_null,20260840,20260846,0.333333
fixed_quota_stratified_random_null,20260840,20260847,0.299492
fixed_quota_stratified_random_null,20260840,20260848,0.292929
fixed_quota_stratified_random_null,20260840,20260849,0.28
fixed_quota_stratified_random_null,20260841,20260842,0.319588
fixed_quota_stratified_random_null,20260841,20260843,0.286432
fixed_quota_stratified_random_null,20260841,20260844,0.286432
fixed_quota_stratified_random_null,20260841,20260845,0.312821
fixed_quota_stratified_random_null,20260841,20260846,0.28
fixed_quota_stratified_random_null,20260841,20260847,0.299492
fixed_quota_stratified_random_null,20260841,20260848,0.299492
fixed_quota_stratified_random_null,20260841,20260849,0.368984
fixed_quota_stratified_random_null,20260842,20260843,0.306122
fixed_quota_stratified_random_null,20260842,20260844,0.306122
fixed_quota_stratified_random_null,20260842,20260845,0.326425
fixed_quota_stratified_random_null,20260842,20260846,0.340314
fixed_quota_stratified_random_null,20260842,20260847,0.254902
fixed_quota_stratified_random_null,20260842,20260848,0.333333
fixed_quota_stratified_random_null,20260842,20260849,0.347368
fixed_quota_stratified_random_null,20260843,20260844,0.306122
fixed_quota_stratified_random_null,20260843,20260845,0.347368
fixed_quota_stratified_random_null,20260843,20260846,0.333333
fixed_quota_stratified_random_null,20260843,20260847,0.333333
fixed_quota_stratified_random_null,20260843,20260848,0.286432
fixed_quota_stratified_random_null,20260843,20260849,0.273632
fixed_quota_stratified_random_null,20260844,20260845,0.333333
fixed_quota_stratified_random_null,20260844,20260846,0.347368
fixed_quota_stratified_random_null,20260844,20260847,0.306122
fixed_quota_stratified_random_null,20260844,20260848,0.326425
fixed_quota_stratified_random_null,20260844,20260849,0.312821
fixed_quota_stratified_random_null,20260845,20260846,0.368984
fixed_quota_stratified_random_null,20260845,20260847,0.319588
fixed_quota_stratified_random_null,20260845,20260848,0.312821
fixed_quota_stratified_random_null,20260845,20260849,0.340314
fixed_quota_stratified_random_null,20260846,20260847,0.398907
fixed_quota_stratified_random_null,20260846,20260848,0.299492
fixed_quota_stratified_random_null,20260846,20260849,0.292929
fixed_quota_stratified_random_null,20260847,20260848,0.340314
fixed_quota_stratified_random_null,20260847,20260849,0.292929
fixed_quota_stratified_random_null,20260848,20260849,0.299492
